<?xml version="1.0" encoding="UTF-8" standalone="yes"?>
<ns2:ExportManifest xmlns:ns2="http://www.pentaho.com/schema/">
    <ExportManifestInformation exportDate="04-02-2015 09:32:35 BRST" exportBy="admin" rootFolder="/public/"/>
    <ExportManifestEntity path="consultas">
        <ExportManifestProperty>
            <EntityMetaData name="consultas" createdDate="2015-02-02T20:03:29.334-02:00" isFolder="true" path="consultas" isHidden="false" locale="en_US" title="consultas"/>
        </ExportManifestProperty>
        <ExportManifestProperty>
            <EntityAcl>
                <entriesInheriting>true</entriesInheriting>
                <owner>admin</owner>
                <ownerType>USER</ownerType>
            </EntityAcl>
        </ExportManifestProperty>
    </ExportManifestEntity>
</ns2:ExportManifest>
