-- phpMyAdmin SQL Dump
-- version 4.1.6
-- http://www.phpmyadmin.net
--
-- Host: localhost
-- Tempo de geração: 03/06/2014 às 06:41
-- Versão do servidor: 5.6.16
-- Versão do PHP: 5.5.9

SET SQL_MODE = "NO_AUTO_VALUE_ON_ZERO";
SET time_zone = "+00:00";


/*!40101 SET @OLD_CHARACTER_SET_CLIENT=@@CHARACTER_SET_CLIENT */;
/*!40101 SET @OLD_CHARACTER_SET_RESULTS=@@CHARACTER_SET_RESULTS */;
/*!40101 SET @OLD_COLLATION_CONNECTION=@@COLLATION_CONNECTION */;
/*!40101 SET NAMES utf8 */;

--
-- Banco de dados: `source_info`
--
DROP SCHEMA IF EXISTS `source_info`;
CREATE DATABASE `source_info` DEFAULT CHARACTER SET utf8 COLLATE utf8_general_ci;
USE `source_info`;

-- --------------------------------------------------------

--
-- Estrutura para tabela `D_Class`
--

CREATE TABLE IF NOT EXISTS `D_Class` (
  `idClass` int(11) NOT NULL AUTO_INCREMENT,
  `name` varchar(200) DEFAULT NULL,
  `hashcode` varchar(45) DEFAULT NULL,
  PRIMARY KEY (`idClass`)
) ENGINE=InnoDB  DEFAULT CHARSET=utf8 AUTO_INCREMENT=987 ;

--
-- Fazendo dump de dados para tabela `D_Class`
--

INSERT INTO `D_Class` (`idClass`, `name`, `hashcode`) VALUES
(1, 'br::gov::iphan::comum::utils::DateUtil', '1653731576'),
(2, 'br::gov::iphan::comum::utils::DisplayTagUtil', '2147331522'),
(3, 'br::gov::iphan::comum::utils::LogFactory', '690121550'),
(4, 'br::gov::iphan::comum::utils::SenhaUtil', '126334159'),
(5, 'br::gov::iphan::comum::utils::StringUtil', '-2063921701'),
(6, 'br::gov::iphan::comum::utils::ValidarUtil', '609623463'),
(7, 'br::gov::iphan::sicg::apresentacao::controllers::ClassificacaoController', '-964098952'),
(8, 'br::gov::iphan::sicg::apresentacao::controllers::ContatoController', '2069132771'),
(9, 'br::gov::iphan::sicg::apresentacao::controllers::GenericController', '967009616'),
(10, 'br::gov::iphan::sicg::apresentacao::controllers::HelpOnLineController', '-776683981'),
(11, 'br::gov::iphan::sicg::apresentacao::controllers::NaturezaController', '7001965'),
(12, 'br::gov::iphan::sicg::apresentacao::controllers::RecorteTematicoController', '-1074950685'),
(13, 'br::gov::iphan::sicg::apresentacao::controllers::ReferenciaBibliograficaController', '-619203193'),
(14, 'br::gov::iphan::sicg::apresentacao::controllers::TelefoneController', '-433069751'),
(15, 'br::gov::iphan::sicg::apresentacao::converters::ContatoConverter', '-986414947'),
(16, 'br::gov::iphan::sicg::apresentacao::util::TipoReferenciaDecorator', '365234271'),
(17, 'br::gov::iphan::sicg::negocio::dao::ClassificacaoDAO', '1823367813'),
(18, 'br::gov::iphan::sicg::negocio::dao::ContatoDAO', '-1075574086'),
(19, 'br::gov::iphan::sicg::negocio::dao::GenericDAO', '-918426643'),
(20, 'br::gov::iphan::sicg::negocio::dao::HelpOnLineDAO', '356730604'),
(21, 'br::gov::iphan::sicg::negocio::dao::impl::ClassificacaoDAOImpl', '364661285'),
(22, 'br::gov::iphan::sicg::negocio::dao::impl::ContatoDAOImpl', '-925681702'),
(23, 'br::gov::iphan::sicg::negocio::dao::impl::HelpOnLineDAOImpl', '1812428620'),
(24, 'br::gov::iphan::sicg::negocio::dao::impl::MunicipioDAOImpl', '-318113737'),
(25, 'br::gov::iphan::sicg::negocio::dao::impl::NaturezaDAOImpl', '-1341378414'),
(26, 'br::gov::iphan::sicg::negocio::dao::impl::RecorteTematicoDAOImpl', '-1418346278'),
(27, 'br::gov::iphan::sicg::negocio::dao::impl::ReferenciaBibliograficaDAOImpl', '-1383793482'),
(28, 'br::gov::iphan::sicg::negocio::dao::impl::TelefoneDAOImpl', '-1612000202'),
(29, 'br::gov::iphan::sicg::negocio::dao::impl::TipoLegislacaoDAOImpl', '523930888'),
(30, 'br::gov::iphan::sicg::negocio::dao::impl::TipoLogradouroDAOImpl', '120375320'),
(31, 'br::gov::iphan::sicg::negocio::dao::impl::TipoMaterialGraficoDAOImpl', '-507992646'),
(32, 'br::gov::iphan::sicg::negocio::dao::impl::UnidadeFederacaoDAOImpl', '1570903852'),
(33, 'br::gov::iphan::sicg::negocio::dao::MunicipioDAO', '1343814039'),
(34, 'br::gov::iphan::sicg::negocio::dao::NaturezaDAO', '-1841165518'),
(35, 'br::gov::iphan::sicg::negocio::dao::RecorteTematicoDAO', '-1238043718'),
(36, 'br::gov::iphan::sicg::negocio::dao::ReferenciaBibliograficaDAO', '1278631318'),
(37, 'br::gov::iphan::sicg::negocio::dao::TelefoneDAO', '1445732566'),
(38, 'br::gov::iphan::sicg::negocio::dao::TipoLegislacaoDAO', '270248616'),
(39, 'br::gov::iphan::sicg::negocio::dao::TipoLogradouroDAO', '1275456952'),
(40, 'br::gov::iphan::sicg::negocio::dao::TipoMaterialGraficoDAO', '-1510328166'),
(41, 'br::gov::iphan::sicg::negocio::dao::UnidadeFederacaoDAO', '1458663116'),
(42, 'br::gov::iphan::sicg::negocio::modelos::Classificacao', '-844072654'),
(43, 'br::gov::iphan::sicg::negocio::modelos::Contato', '1996059869'),
(44, 'br::gov::iphan::sicg::negocio::modelos::HelpOnLine', '1741947265'),
(45, 'br::gov::iphan::sicg::negocio::modelos::Municipio', '-977992224'),
(46, 'br::gov::iphan::sicg::negocio::modelos::Natureza', '77432251'),
(47, 'br::gov::iphan::sicg::negocio::modelos::Pais', '-2107324152'),
(48, 'br::gov::iphan::sicg::negocio::modelos::PessoaFisica', '-1385161685'),
(49, 'br::gov::iphan::sicg::negocio::modelos::PessoaJuridica', '712310297'),
(50, 'br::gov::iphan::sicg::negocio::modelos::Protecao', '1326287072'),
(51, 'br::gov::iphan::sicg::negocio::modelos::RecorteTematico', '1194997469'),
(52, 'br::gov::iphan::sicg::negocio::modelos::ReferenciaBibliografica', '1052673409'),
(53, 'br::gov::iphan::sicg::negocio::modelos::ReferenciaBibliograficaLegislacao', '-1903434267'),
(54, 'br::gov::iphan::sicg::negocio::modelos::ReferenciaBibliograficaMateriaisCartograficos', '116935791'),
(55, 'br::gov::iphan::sicg::negocio::modelos::ReferenciaBibliograficaMateriaisGraficos', '1532088380'),
(56, 'br::gov::iphan::sicg::negocio::modelos::ReferenciaBibliograficaMultimeios', '57032253'),
(57, 'br::gov::iphan::sicg::negocio::modelos::Telefone', '955249303'),
(58, 'br::gov::iphan::sicg::negocio::modelos::TipoLegislacao', '938262981'),
(59, 'br::gov::iphan::sicg::negocio::modelos::TipoLogradouro', '-1081091915'),
(60, 'br::gov::iphan::sicg::negocio::modelos::TipoMaterialGrafico', '868254589'),
(61, 'br::gov::iphan::sicg::negocio::modelos::UnidadeFederacao', '-1227838111'),
(62, 'br::gov::iphan::sicg::negocio::regras::ControleAcessoRegra', '514950143'),
(63, 'br::gov::iphan::sicg::negocio::validacao::AbstractValidacao< T >', '-1025189136'),
(64, 'br::gov::iphan::sicg::negocio::validacao::ClassificacaoValidacao', '1666437817'),
(65, 'br::gov::iphan::sicg::negocio::validacao::ContatoValidacao', '-1913720146'),
(66, 'br::gov::iphan::sicg::negocio::validacao::NaturezaValidacao', '1750137074'),
(67, 'br::gov::iphan::sicg::negocio::validacao::RecorteTematicoValidacao', '1612366254'),
(68, 'br::gov::iphan::sicg::negocio::validacao::ReferenciaBibliograficaValidacao', '74185866'),
(69, 'br::gov::iphan::sicg::negocio::validacao::TelefoneValidacao', '-619363434'),
(70, 'br::gov::iphan::sicg::apresentacao::controllers::BemCodigoExternoController', '-1387397013'),
(71, 'br::gov::iphan::sicg::apresentacao::controllers::BemController', '1464998595'),
(72, 'br::gov::iphan::sicg::apresentacao::controllers::BemDadosComplementaresController', '-499584635'),
(73, 'br::gov::iphan::sicg::apresentacao::controllers::BemReferenciaBibliograficaController', '-1974845437'),
(74, 'br::gov::iphan::sicg::apresentacao::controllers::MunicipioController', '-2103008090'),
(75, 'br::gov::iphan::sicg::apresentacao::controllers::UfController', '1115829872'),
(76, 'br::gov::iphan::sicg::apresentacao::converters::JsTreeNodeConverter', '771078416'),
(77, 'br::gov::iphan::sicg::apresentacao::converters::PointConverter', '1837570487'),
(78, 'br::gov::iphan::sicg::apresentacao::util::CustomXStreamBuilder', '-211848790'),
(79, 'br::gov::iphan::sicg::apresentacao::util::JsTreeNode', '1970660383'),
(80, 'br::gov::iphan::sicg::comum::utils::DateUtil', '-1435329678'),
(81, 'br::gov::iphan::sicg::comum::utils::DisplayTagUtil', '2028934332'),
(82, 'br::gov::iphan::sicg::comum::utils::LogFactory', '-75342008'),
(83, 'br::gov::iphan::sicg::comum::utils::PesquisaBemReferenciaBibliograficaVO', '502407764'),
(84, 'br::gov::iphan::sicg::comum::utils::SenhaUtil', '-1145284203'),
(85, 'br::gov::iphan::sicg::comum::utils::StringTrimType', '2050262735'),
(86, 'br::gov::iphan::sicg::comum::utils::StringUtil', '1465582037'),
(87, 'br::gov::iphan::sicg::comum::utils::ValidarUtil', '-1644910355'),
(88, 'br::gov::iphan::sicg::negocio::modelos::Bem', '1178934461'),
(89, 'br::gov::iphan::sicg::negocio::modelos::BemCodigoExterno', '-1174549959'),
(90, 'br::gov::iphan::sicg::negocio::modelos::BemContato', '3228333'),
(91, 'br::gov::iphan::sicg::negocio::modelos::BemMunicipio', '-533684304'),
(92, 'br::gov::iphan::sicg::negocio::modelos::BemReferencia', '-1379361905'),
(93, 'br::gov::iphan::sicg::negocio::modelos::CodigoExterno', '-578578327'),
(94, 'br::gov::iphan::sicg::negocio::modelos::Ficha', '-911542164'),
(95, 'br::gov::iphan::sicg::negocio::modelos::NaturezaTipoFicha', '-1653796182'),
(96, 'br::gov::iphan::sicg::negocio::modelos::TipoBem', '-266353815'),
(97, 'br::gov::iphan::sicg::negocio::regras::BemReferenciaRegra', '144042167'),
(98, 'br::gov::iphan::sicg::negocio::validacao::BemCodigoExternoValidacao', '549105972'),
(99, 'br::gov::iphan::sicg::negocio::validacao::CodigoExternoValidacao', '-782573214'),
(100, 'br::gov::iphan::sicg::persistencia::dao::BemCodigoExternoDAO', '-464363940'),
(101, 'br::gov::iphan::sicg::persistencia::dao::BemDAO', '1635024114'),
(102, 'br::gov::iphan::sicg::persistencia::dao::BemMunicipioDAO', '227138309'),
(103, 'br::gov::iphan::sicg::persistencia::dao::BemReferenciaBibliograficaDAO', '978396804'),
(104, 'br::gov::iphan::sicg::persistencia::dao::ClassificacaoDAO', '-595525603'),
(105, 'br::gov::iphan::sicg::persistencia::dao::CodigoExternoDAO', '1711178118'),
(106, 'br::gov::iphan::sicg::persistencia::dao::ContatoDAO', '-1291666862'),
(107, 'br::gov::iphan::sicg::persistencia::dao::GenericDAO', '-1134519419'),
(108, 'br::gov::iphan::sicg::persistencia::dao::HelpOnLineDAO', '892817492'),
(109, 'br::gov::iphan::sicg::persistencia::dao::impl::BemCodigoExternoDAOImpl', '-1702915908'),
(110, 'br::gov::iphan::sicg::persistencia::dao::impl::BemDAOImpl', '-2044679150'),
(111, 'br::gov::iphan::sicg::persistencia::dao::impl::BemMunicipioDAOImpl', '154181861'),
(112, 'br::gov::iphan::sicg::persistencia::dao::impl::BemReferenciaBibliograficaDAOImpl', '-1610097436'),
(113, 'br::gov::iphan::sicg::persistencia::dao::impl::ClassificacaoDAOImpl', '276351421'),
(114, 'br::gov::iphan::sicg::persistencia::dao::impl::CodigoExternoDAOImpl', '-1290441050'),
(115, 'br::gov::iphan::sicg::persistencia::dao::impl::ContatoDAOImpl', '-1402123918'),
(116, 'br::gov::iphan::sicg::persistencia::dao::impl::HelpOnLineDAOImpl', '-1305682252'),
(117, 'br::gov::iphan::sicg::persistencia::dao::impl::MunicipioDAOImpl', '1382417359'),
(118, 'br::gov::iphan::sicg::persistencia::dao::impl::NaturezaDAOImpl', '1068782074'),
(119, 'br::gov::iphan::sicg::persistencia::dao::impl::RecorteTematicoDAOImpl', '-384779662'),
(120, 'br::gov::iphan::sicg::persistencia::dao::impl::ReferenciaBibliograficaDAOImpl', '1236852302'),
(121, 'br::gov::iphan::sicg::persistencia::dao::impl::TelefoneDAOImpl', '798160286'),
(122, 'br::gov::iphan::sicg::persistencia::dao::impl::TipoBemDAOImpl', '660063590'),
(123, 'br::gov::iphan::sicg::persistencia::dao::impl::TipoLegislacaoDAOImpl', '2081292400'),
(124, 'br::gov::iphan::sicg::persistencia::dao::impl::TipoLogradouroDAOImpl', '1677736832'),
(125, 'br::gov::iphan::sicg::persistencia::dao::impl::TipoMaterialGraficoDAOImpl', '2139951954'),
(126, 'br::gov::iphan::sicg::persistencia::dao::impl::UnidadeFederacaoDAOImpl', '-748269420'),
(127, 'br::gov::iphan::sicg::persistencia::dao::MunicipioDAO', '-162913489'),
(128, 'br::gov::iphan::sicg::persistencia::dao::NaturezaDAO', '49893018'),
(129, 'br::gov::iphan::sicg::persistencia::dao::RecorteTematicoDAO', '2077657938'),
(130, 'br::gov::iphan::sicg::persistencia::dao::ReferenciaBibliograficaDAO', '1190321454'),
(131, 'br::gov::iphan::sicg::persistencia::dao::TelefoneDAO', '-958176194'),
(132, 'br::gov::iphan::sicg::persistencia::dao::TipoBemDAO', '64049222'),
(133, 'br::gov::iphan::sicg::persistencia::dao::TipoLegislacaoDAO', '-1701003248'),
(134, 'br::gov::iphan::sicg::persistencia::dao::TipoLogradouroDAO', '-695794912'),
(135, 'br::gov::iphan::sicg::persistencia::dao::TipoMaterialGraficoDAO', '190202930'),
(136, 'br::gov::iphan::sicg::persistencia::dao::UnidadeFederacaoDAO', '1166199348'),
(137, 'br::gov::iphan::sicg::apresentacao::controllers::BemContatosController', '-801085396'),
(138, 'br::gov::iphan::sicg::apresentacao::controllers::BemProtecaoController', '-1867367082'),
(139, 'br::gov::iphan::sicg::apresentacao::controllers::PaisController', '-1768658566'),
(140, 'br::gov::iphan::sicg::comum::utils::PaisVO', '1132802550'),
(141, 'br::gov::iphan::sicg::negocio::modelos::Inscricao', '-1668263144'),
(142, 'br::gov::iphan::sicg::negocio::modelos::LegislacaoProtecao', '-1168120252'),
(143, 'br::gov::iphan::sicg::negocio::modelos::Livro', '-905982455'),
(144, 'br::gov::iphan::sicg::negocio::modelos::TipoMultimeio', '-1569060586'),
(145, 'br::gov::iphan::sicg::negocio::regras::ProtecaoCondicaoRegra', '1354154454'),
(146, 'br::gov::iphan::sicg::negocio::validacao::InscricaoValidacao', '1721668371'),
(147, 'br::gov::iphan::sicg::negocio::validacao::ProtecaoValidacao', '114405229'),
(148, 'br::gov::iphan::sicg::persistencia::dao::BemContatoDAO', '22704040'),
(149, 'br::gov::iphan::sicg::persistencia::dao::impl::BemContatoDAOImpl', '1850225672'),
(150, 'br::gov::iphan::sicg::persistencia::dao::impl::InscricaoDAOImpl', '-1830033513'),
(151, 'br::gov::iphan::sicg::persistencia::dao::impl::LegislacaoProtecaoDAOImpl', '-371042927'),
(152, 'br::gov::iphan::sicg::persistencia::dao::impl::LivroDAOImpl', '-1321438714'),
(153, 'br::gov::iphan::sicg::persistencia::dao::impl::PaisDAOImpl', '-643213427'),
(154, 'br::gov::iphan::sicg::persistencia::dao::impl::ProtecaoDAOImpl', '-27890891'),
(155, 'br::gov::iphan::sicg::persistencia::dao::impl::TipoMultimeioDAOImpl', '1143755097'),
(156, 'br::gov::iphan::sicg::persistencia::dao::InscricaoDAO', '279522039'),
(157, 'br::gov::iphan::sicg::persistencia::dao::LegislacaoProtecaoDAO', '-1561272911'),
(158, 'br::gov::iphan::sicg::persistencia::dao::LivroDAO', '-895068954'),
(159, 'br::gov::iphan::sicg::persistencia::dao::PaisDAO', '-1430518355'),
(160, 'br::gov::iphan::sicg::persistencia::dao::ProtecaoDAO', '1677147477'),
(161, 'br::gov::iphan::sicg::persistencia::dao::TipoMultimeioDAO', '679523769'),
(162, 'br::gov::iphan::sicg::apresentacao::controllers::BemMoveisIntegradosController', '-303732026'),
(163, 'br::gov::iphan::sicg::apresentacao::controllers::FiscalizacaoController', '233012830'),
(164, 'br::gov::iphan::sicg::apresentacao::controllers::ProcessoController', '-1390613825'),
(165, 'br::gov::iphan::sicg::apresentacao::servicos::BemWSImpl', '368184734'),
(166, 'br::gov::iphan::sicg::apresentacao::servicos::FiscalizacaoWSImpl', '869644579'),
(167, 'br::gov::iphan::sicg::apresentacao::servicos::IBemWS', '-262759547'),
(168, 'br::gov::iphan::sicg::apresentacao::servicos::IFiscalizacaoWS', '1100129052'),
(169, 'br::gov::iphan::sicg::apresentacao::servicos::IocWS', '-976969455'),
(170, 'br::gov::iphan::sicg::apresentacao::servicos::IUploadWS', '1776031134'),
(171, 'br::gov::iphan::sicg::apresentacao::servicos::ServerPasswordCallback', '-1210116373'),
(172, 'br::gov::iphan::sicg::apresentacao::servicos::TesteWS', '-1662800985'),
(173, 'br::gov::iphan::sicg::apresentacao::servicos::UploadWSImpl', '-662062107'),
(174, 'br::gov::iphan::sicg::comum::utils::ErroWSException', '1279427079'),
(175, 'br::gov::iphan::sicg::negocio::vo::PaisVO', '1869286957'),
(176, 'br::gov::iphan::sicg::negocio::modelos::Autor', '-915785706'),
(177, 'br::gov::iphan::sicg::negocio::modelos::BemMovelIntegrado', '143752429'),
(178, 'br::gov::iphan::sicg::negocio::modelos::BemMovelIntegrMat', '143733121'),
(179, 'br::gov::iphan::sicg::negocio::modelos::Categoria', '339627814'),
(180, 'br::gov::iphan::sicg::negocio::modelos::Dano', '-2107681493'),
(181, 'br::gov::iphan::sicg::negocio::modelos::Datacao', '-1807235430'),
(182, 'br::gov::iphan::sicg::negocio::modelos::EstatutoJuridico', '1893259799'),
(183, 'br::gov::iphan::sicg::negocio::modelos::Fiscalizacao', '1140883692'),
(184, 'br::gov::iphan::sicg::negocio::modelos::Item', '-2107514560'),
(185, 'br::gov::iphan::sicg::negocio::modelos::ItemResposta', '-1214370687'),
(186, 'br::gov::iphan::sicg::negocio::modelos::Material', '-1680151340'),
(187, 'br::gov::iphan::sicg::negocio::modelos::Procedencia', '-1811573936'),
(188, 'br::gov::iphan::sicg::negocio::modelos::Processo', '1310603149'),
(189, 'br::gov::iphan::sicg::negocio::modelos::ProtecaoProcesso', '-791167776'),
(190, 'br::gov::iphan::sicg::negocio::modelos::Resposta', '1975430862'),
(191, 'br::gov::iphan::sicg::negocio::modelos::SitBemMovelIntegr', '-1909559069'),
(192, 'br::gov::iphan::sicg::negocio::modelos::TipoCategoria', '1202996434'),
(193, 'br::gov::iphan::sicg::negocio::regras::BemCodigoIphanRegra', '-947864632'),
(194, 'br::gov::iphan::sicg::negocio::regras::BemRegra', '-105243639'),
(195, 'br::gov::iphan::sicg::negocio::validacao::BemContatosValidacao', '-1435113787'),
(196, 'br::gov::iphan::sicg::negocio::validacao::BemReferenciaValidacao', '-1645213444'),
(197, 'br::gov::iphan::sicg::negocio::validacao::BemValidacao', '961846862'),
(198, 'br::gov::iphan::sicg::negocio::validacao::ProcessoValidacao', '-96062624'),
(199, 'br::gov::iphan::sicg::negocio::vo::BemCodigoExternoVO', '-597342946'),
(200, 'br::gov::iphan::sicg::negocio::vo::BemContatoVO', '460042642'),
(201, 'br::gov::iphan::sicg::negocio::vo::BemMunicipioVO', '1516154581'),
(202, 'br::gov::iphan::sicg::negocio::vo::BemReferenciaVO', '354343836'),
(203, 'br::gov::iphan::sicg::negocio::vo::BemVO', '1432965706'),
(204, 'br::gov::iphan::sicg::negocio::vo::CategoriaVO', '-1921536141'),
(205, 'br::gov::iphan::sicg::negocio::vo::ClassificacaoVO', '-628761473'),
(206, 'br::gov::iphan::sicg::negocio::vo::CodigoExternoVO', '1108216310'),
(207, 'br::gov::iphan::sicg::negocio::vo::ContatoVO', '215939178'),
(208, 'br::gov::iphan::sicg::negocio::vo::DanoVO', '1525882256'),
(209, 'br::gov::iphan::sicg::negocio::vo::FileUploadVO', '446037679'),
(210, 'br::gov::iphan::sicg::negocio::vo::FiscalizacaoVO', '163262737'),
(211, 'br::gov::iphan::sicg::negocio::vo::ItemRespostaVO', '211569510'),
(212, 'br::gov::iphan::sicg::negocio::vo::ItemVO', '1686304869'),
(213, 'br::gov::iphan::sicg::negocio::vo::MunicipioVO', '-1139040339'),
(214, 'br::gov::iphan::sicg::negocio::vo::NaturezaVO', '-1295297504'),
(215, 'br::gov::iphan::sicg::negocio::vo::PesquisaBemReferenciaBibliograficaVO', '-1255013301'),
(216, 'br::gov::iphan::sicg::negocio::vo::ProtecaoVO', '558309893'),
(217, 'br::gov::iphan::sicg::negocio::vo::ReferenciaBibliograficaVO', '1458554894'),
(218, 'br::gov::iphan::sicg::negocio::vo::RespostaVO', '1615234163'),
(219, 'br::gov::iphan::sicg::negocio::vo::TipoBemVO', '-710159370'),
(220, 'br::gov::iphan::sicg::negocio::vo::TipoCategoriaVO', '-490389473'),
(221, 'br::gov::iphan::sicg::negocio::vo::TipoLegislacaoVO', '445658282'),
(222, 'br::gov::iphan::sicg::negocio::vo::TipoLogradouroVO', '1170821018'),
(223, 'br::gov::iphan::sicg::negocio::vo::TipoMaterialGraficoVO', '-580951798'),
(224, 'br::gov::iphan::sicg::negocio::vo::TipoMultimeioVO', '-1557462173'),
(225, 'br::gov::iphan::sicg::negocio::vo::UnidadeFederacaoVO', '-267649466'),
(226, 'br::gov::iphan::sicg::persistencia::dao::AutorDAO', '-885943367'),
(227, 'br::gov::iphan::sicg::persistencia::dao::BemMovelIntegradoDAO', '726091778'),
(228, 'br::gov::iphan::sicg::persistencia::dao::BemMovelIntegrMatDAO', '150887150'),
(229, 'br::gov::iphan::sicg::persistencia::dao::CategoriaDAO', '1349520425'),
(230, 'br::gov::iphan::sicg::persistencia::dao::DanoDAO', '808837802'),
(231, 'br::gov::iphan::sicg::persistencia::dao::DatacaoDAO', '270316405'),
(232, 'br::gov::iphan::sicg::persistencia::dao::EstatutoJuridicoDAO', '47045054'),
(233, 'br::gov::iphan::sicg::persistencia::dao::FiscalizacaoDAO', '1237164105'),
(234, 'br::gov::iphan::sicg::persistencia::dao::impl::AutorDAOImpl', '-376041639'),
(235, 'br::gov::iphan::sicg::persistencia::dao::impl::BemMovelIntegradoDAOImpl', '-731470046'),
(236, 'br::gov::iphan::sicg::persistencia::dao::impl::BemMovelIntegrMatDAOImpl', '155345934'),
(237, 'br::gov::iphan::sicg::persistencia::dao::impl::CategoriaDAOImpl', '-451223607'),
(238, 'br::gov::iphan::sicg::persistencia::dao::impl::DanoDAOImpl', '616721930'),
(239, 'br::gov::iphan::sicg::persistencia::dao::impl::DatacaoDAOImpl', '-1949304555'),
(240, 'br::gov::iphan::sicg::persistencia::dao::impl::EstatutoJuridicoDAOImpl', '-836072674'),
(241, 'br::gov::iphan::sicg::persistencia::dao::impl::FiscalizacaoDAOImpl', '-810015703'),
(242, 'br::gov::iphan::sicg::persistencia::dao::impl::ItemDAOImpl', '679678037'),
(243, 'br::gov::iphan::sicg::persistencia::dao::impl::ItemRespostaDAOImpl', '1619212020'),
(244, 'br::gov::iphan::sicg::persistencia::dao::impl::MaterialDAOImpl', '937585857'),
(245, 'br::gov::iphan::sicg::persistencia::dao::impl::ProcedenciaDAOImpl', '-1016058593'),
(246, 'br::gov::iphan::sicg::persistencia::dao::impl::ProcessoDAOImpl', '754012136'),
(247, 'br::gov::iphan::sicg::persistencia::dao::impl::ProtecaoProcessoDAOImpl', '1842717749'),
(248, 'br::gov::iphan::sicg::persistencia::dao::impl::RespostaDAOImpl', '1029266823'),
(249, 'br::gov::iphan::sicg::persistencia::dao::impl::SitBemMovelIntegrDAOImpl', '-1757187476'),
(250, 'br::gov::iphan::sicg::persistencia::dao::impl::TipoCategoriaDAOImpl', '1483123229'),
(251, 'br::gov::iphan::sicg::persistencia::dao::ItemDAO', '1486971509'),
(252, 'br::gov::iphan::sicg::persistencia::dao::ItemRespostaDAO', '-1560293228'),
(253, 'br::gov::iphan::sicg::persistencia::dao::MaterialDAO', '-176560927'),
(254, 'br::gov::iphan::sicg::persistencia::dao::ProcedenciaDAO', '1935699071'),
(255, 'br::gov::iphan::sicg::persistencia::dao::ProcessoDAO', '-1706134648'),
(256, 'br::gov::iphan::sicg::persistencia::dao::ProtecaoProcessoDAO', '556209749'),
(257, 'br::gov::iphan::sicg::persistencia::dao::RespostaDAO', '82061479'),
(258, 'br::gov::iphan::sicg::persistencia::dao::SitBemMovelIntegrDAO', '-552515508'),
(259, 'br::gov::iphan::sicg::persistencia::dao::TipoCategoriaDAO', '-600960899'),
(260, 'br::gov::iphan::sicg::apresentacao::controllers::BemImovelCaracterizacaoExternaController', '-1021322984'),
(261, 'br::gov::iphan::sicg::apresentacao::controllers::BemImovelCaracterizacaoInternaController', '907322982'),
(262, 'br::gov::iphan::sicg::apresentacao::controllers::BemImovelConjuntoController', '-1762800335'),
(263, 'br::gov::iphan::sicg::apresentacao::controllers::BemMultimidiaController', '-281514710'),
(264, 'br::gov::iphan::sicg::apresentacao::controllers::MultimidiaController', '2007388454'),
(265, 'br::gov::iphan::sicg::apresentacao::servicos::IMultimidiaWS', '397806948'),
(266, 'br::gov::iphan::sicg::apresentacao::servicos::MultimidiaWSImpl', '-170293973'),
(267, 'br::gov::iphan::sicg::apresentacao::util::CustomMultipartConfig', '-332061529'),
(268, 'br::gov::iphan::sicg::apresentacao::util::MultimidiaServlet', '-1099755832'),
(269, 'br::gov::iphan::sicg::comum::utils::MultimidiaUtil', '-1450001013'),
(270, 'br::gov::iphan::sicg::negocio::modelos::BemImovelConjunto', '2096593451'),
(271, 'br::gov::iphan::sicg::negocio::modelos::BemMultimidia', '-1502103452'),
(272, 'br::gov::iphan::sicg::negocio::modelos::CaracterizacaoExterna', '-1514809624'),
(273, 'br::gov::iphan::sicg::negocio::modelos::CaracterizacaoInterna', '1748913590'),
(274, 'br::gov::iphan::sicg::negocio::modelos::CondicoesRisco', '1205630164'),
(275, 'br::gov::iphan::sicg::negocio::modelos::DesignacaoPavimento', '-206110670'),
(276, 'br::gov::iphan::sicg::negocio::modelos::Levantamento', '-1305463961'),
(277, 'br::gov::iphan::sicg::negocio::modelos::MaterialConstrucao', '-1593187041'),
(278, 'br::gov::iphan::sicg::negocio::modelos::Multimidia', '1904220212'),
(279, 'br::gov::iphan::sicg::negocio::modelos::PalavraChaveMultimidia', '1474360608'),
(280, 'br::gov::iphan::sicg::negocio::modelos::Pavimento', '212319968'),
(281, 'br::gov::iphan::sicg::negocio::modelos::RegimeOcupacao', '2116165497'),
(282, 'br::gov::iphan::sicg::negocio::modelos::SistemaConstrucao', '1272136672'),
(283, 'br::gov::iphan::sicg::negocio::modelos::TipoLevantamento', '1044926011'),
(284, 'br::gov::iphan::sicg::negocio::modelos::Tipologia', '1771104923'),
(285, 'br::gov::iphan::sicg::negocio::modelos::TipoMultimidia', '-1396123640'),
(286, 'br::gov::iphan::sicg::negocio::modelos::TipoUsoEdificacao', '1325049206'),
(287, 'br::gov::iphan::sicg::negocio::modelos::UsoAtual', '-2003694871'),
(288, 'br::gov::iphan::sicg::negocio::modelos::UsoOriginal', '193089461'),
(289, 'br::gov::iphan::sicg::negocio::modelos::VacanciaPavimento', '2120747818'),
(290, 'br::gov::iphan::sicg::negocio::regras::BemMultimidiaRegra', '1483770114'),
(291, 'br::gov::iphan::sicg::negocio::regras::MultimidiaRegra', '1164347276'),
(292, 'br::gov::iphan::sicg::negocio::validacao::MultimidiaValidacao', '-1436616103'),
(293, 'br::gov::iphan::sicg::negocio::vo::MimeMappingVO', '1880222906'),
(294, 'br::gov::iphan::sicg::negocio::vo::MultimidiaVO', '1952137561'),
(295, 'br::gov::iphan::sicg::negocio::vo::MymeTypeVO', '1296323504'),
(296, 'br::gov::iphan::sicg::negocio::vo::TipoMultimidiaVO', '-926955987'),
(297, 'br::gov::iphan::sicg::persistencia::dao::BemImovelConjuntoDAO', '-1814013436'),
(298, 'br::gov::iphan::sicg::persistencia::dao::BemMultimidiaDAO', '-1760289877'),
(299, 'br::gov::iphan::sicg::persistencia::dao::CaracterizacaoExternaDAO', '-361836121'),
(300, 'br::gov::iphan::sicg::persistencia::dao::CaracterizacaoInternaDAO', '-253214695'),
(301, 'br::gov::iphan::sicg::persistencia::dao::CondicoesRiscoDAO', '565378721'),
(302, 'br::gov::iphan::sicg::persistencia::dao::DesignacaoPavimentoDAO', '-128938147'),
(303, 'br::gov::iphan::sicg::persistencia::dao::impl::BemImovelConjuntoDAOImpl', '1178789924'),
(304, 'br::gov::iphan::sicg::persistencia::dao::impl::BemMultimidiaDAOImpl', '-841519541'),
(305, 'br::gov::iphan::sicg::persistencia::dao::impl::CaracterizacaoExternaDAOImpl', '-1405688249'),
(306, 'br::gov::iphan::sicg::persistencia::dao::impl::CaracterizacaoInternaDAOImpl', '-493892679'),
(307, 'br::gov::iphan::sicg::persistencia::dao::impl::CondicoesRiscoDAOImpl', '-103772543'),
(308, 'br::gov::iphan::sicg::persistencia::dao::impl::DesignacaoPavimentoDAOImpl', '-2100834051'),
(309, 'br::gov::iphan::sicg::persistencia::dao::impl::LevantamentoDAOImpl', '1494008142'),
(310, 'br::gov::iphan::sicg::persistencia::dao::impl::MaterialConstrucaoDAOImpl', '725613142'),
(311, 'br::gov::iphan::sicg::persistencia::dao::impl::MultimidiaDAOImpl', '-1420924767'),
(312, 'br::gov::iphan::sicg::persistencia::dao::impl::PavimentoDAOImpl', '1889610447'),
(313, 'br::gov::iphan::sicg::persistencia::dao::impl::RegimeOcupacaoDAOImpl', '-1747349444'),
(314, 'br::gov::iphan::sicg::persistencia::dao::impl::SistemaConstrucaoDAOImpl', '1501018319'),
(315, 'br::gov::iphan::sicg::persistencia::dao::impl::TipoLevantamentoDAOImpl', '2044388986'),
(316, 'br::gov::iphan::sicg::persistencia::dao::impl::TipologiaDAOImpl', '530409140'),
(317, 'br::gov::iphan::sicg::persistencia::dao::impl::TipoMultimidiaDAOImpl', '-1585714995'),
(318, 'br::gov::iphan::sicg::persistencia::dao::impl::TipoUsoEdificacaoDAOImpl', '-60718471'),
(319, 'br::gov::iphan::sicg::persistencia::dao::impl::UsoAtualDAOImpl', '-939115252'),
(320, 'br::gov::iphan::sicg::persistencia::dao::impl::UsoOriginalDAOImpl', '-2126600934'),
(321, 'br::gov::iphan::sicg::persistencia::dao::impl::VacanciaPavimentoDAOImpl', '-379844027'),
(322, 'br::gov::iphan::sicg::persistencia::dao::LevantamentoDAO', '-900687890'),
(323, 'br::gov::iphan::sicg::persistencia::dao::MaterialConstrucaoDAO', '1132571894'),
(324, 'br::gov::iphan::sicg::persistencia::dao::MultimidiaDAO', '-966993727'),
(325, 'br::gov::iphan::sicg::persistencia::dao::PavimentoDAO', '1177602607'),
(326, 'br::gov::iphan::sicg::persistencia::dao::RegimeOcupacaoDAO', '-689957412'),
(327, 'br::gov::iphan::sicg::persistencia::dao::SistemaConstrucaoDAO', '-287950801'),
(328, 'br::gov::iphan::sicg::persistencia::dao::TipoLevantamentoDAO', '-1077263590'),
(329, 'br::gov::iphan::sicg::persistencia::dao::TipologiaDAO', '1753792660'),
(330, 'br::gov::iphan::sicg::persistencia::dao::TipoMultimidiaDAO', '-1302372627'),
(331, 'br::gov::iphan::sicg::persistencia::dao::TipoUsoEdificacaoDAO', '-223648039'),
(332, 'br::gov::iphan::sicg::persistencia::dao::UsoAtualDAO', '-955280724'),
(333, 'br::gov::iphan::sicg::persistencia::dao::UsoOriginalDAO', '1342708218'),
(334, 'br::gov::iphan::sicg::persistencia::dao::VacanciaPavimentoDAO', '509195429'),
(335, 'br::gov::iphan::sicg::apresentacao::controllers::BemImovelLoteController', '1140514025'),
(336, 'br::gov::iphan::sicg::negocio::modelos::BemMovelIntegradoAutor', '-617384010'),
(337, 'br::gov::iphan::sicg::negocio::modelos::BemMovelIntegradoResp', '950406749'),
(338, 'br::gov::iphan::sicg::negocio::modelos::GrupoBem', '-1305756914'),
(339, 'br::gov::iphan::sicg::negocio::modelos::Responsavel', '274967411'),
(340, 'br::gov::iphan::sicg::persistencia::dao::GrupoBemDAO', '-622283673'),
(341, 'br::gov::iphan::sicg::persistencia::dao::impl::GrupoBemDAOImpl', '582093127'),
(342, 'br::gov::iphan::sicg::persistencia::dao::impl::ResponsavelDAOImpl', '-1857013860'),
(343, 'br::gov::iphan::sicg::persistencia::dao::ResponsavelDAO', '1027292540'),
(344, 'br::gov::iphan::sicg::apresentacao::controllers::ContextoController', '-2047358081'),
(345, 'br::gov::iphan::sicg::apresentacao::controllers::ContextoGeralMultimidiaController', '497337759'),
(346, 'br::gov::iphan::sicg::apresentacao::controllers::ContextoGeralReferenciaController', '232779530'),
(347, 'br::gov::iphan::sicg::apresentacao::controllers::ContextoImediatoController', '349306357'),
(348, 'br::gov::iphan::sicg::apresentacao::controllers::ContextoImediatoMultimidiaController', '-115115556'),
(349, 'br::gov::iphan::sicg::apresentacao::controllers::ContextoImediatoReferenciaController', '-379673785'),
(350, 'br::gov::iphan::sicg::apresentacao::controllers::FiscalizacaoWsController', '-1775641126'),
(351, 'br::gov::iphan::sicg::apresentacao::converters::GeometryConverter', '-494267353'),
(352, 'br::gov::iphan::sicg::apresentacao::servicos::FiscalizacaoServicos', '-194398725'),
(353, 'br::gov::iphan::sicg::apresentacao::util::MunicipioUfDecorator', '274653171'),
(354, 'br::gov::iphan::sicg::negocio::bo::WizardFiscalizacaoBO', '460183748'),
(355, 'br::gov::iphan::sicg::negocio::modelos::BemTipoLevantamento', '1848838763'),
(356, 'br::gov::iphan::sicg::negocio::modelos::CondicoesRiscoExterno', '-1932000933'),
(357, 'br::gov::iphan::sicg::negocio::modelos::ContextoGeral', '1349207602'),
(358, 'br::gov::iphan::sicg::negocio::modelos::ContextoGeralBem', '1939781880'),
(359, 'br::gov::iphan::sicg::negocio::modelos::ContextoGeralMultimidia', '1715753881'),
(360, 'br::gov::iphan::sicg::negocio::modelos::ContextoGeralReferencia', '1838495428'),
(361, 'br::gov::iphan::sicg::negocio::modelos::ContextoImediato', '-728937405'),
(362, 'br::gov::iphan::sicg::negocio::modelos::ContextoImediatoMultimidia', '-414795670'),
(363, 'br::gov::iphan::sicg::negocio::modelos::ContextoImediatoReferencia', '-292054123'),
(364, 'br::gov::iphan::sicg::negocio::modelos::DanoFiscalizacao', '610523274'),
(365, 'br::gov::iphan::sicg::negocio::modelos::LinkWebContextoGeral', '715236114'),
(366, 'br::gov::iphan::sicg::negocio::modelos::LinkWebContextoImediato', '1892631395'),
(367, 'br::gov::iphan::sicg::negocio::modelos::LivroProtecao', '1805261404'),
(368, 'br::gov::iphan::sicg::negocio::modelos::LivroProtecaoBem', '-1037927282'),
(369, 'br::gov::iphan::sicg::negocio::modelos::MaterialExterna', '-333280947'),
(370, 'br::gov::iphan::sicg::negocio::modelos::MaterialFiscal', '1528013746'),
(371, 'br::gov::iphan::sicg::negocio::modelos::PalavraChaveContextoGeral', '-1300745786'),
(372, 'br::gov::iphan::sicg::negocio::modelos::PalavraChaveContextoImediato', '303548463'),
(373, 'br::gov::iphan::sicg::negocio::modelos::RegimeOcupacaoExterna', '719389448'),
(374, 'br::gov::iphan::sicg::negocio::modelos::TipoUsoFiscalizacao', '-451227569'),
(375, 'br::gov::iphan::sicg::negocio::regras::ContextoGeralMultimidiaRegra', '1170419501'),
(376, 'br::gov::iphan::sicg::negocio::regras::ContextoGeralReferenciaRegra', '-169308446'),
(377, 'br::gov::iphan::sicg::negocio::regras::ContextoImediatoMultimidiaRegra', '876396310'),
(378, 'br::gov::iphan::sicg::negocio::regras::ContextoImediatoReferenciaRegra', '-463331637'),
(379, 'br::gov::iphan::sicg::negocio::validacao::ContextoImediatoValidacao', '1297865322'),
(380, 'br::gov::iphan::sicg::negocio::validacao::ContextoValidacao', '-1641268576'),
(381, 'br::gov::iphan::sicg::negocio::validacao::FiscalizacaoValidacao', '67816545'),
(382, 'br::gov::iphan::sicg::negocio::vo::CondicoesRiscoVO', '-312516615'),
(383, 'br::gov::iphan::sicg::negocio::vo::DanoFiscalizacaoVO', '1166082863'),
(384, 'br::gov::iphan::sicg::negocio::vo::ErroVO', '1570330428'),
(385, 'br::gov::iphan::sicg::negocio::vo::MaterialConstrucaoVO', '1224299396'),
(386, 'br::gov::iphan::sicg::negocio::vo::PesquisaReferenciaBibliograficaVO', '998298905'),
(387, 'br::gov::iphan::sicg::negocio::vo::TipoUsoFiscalizacaoVO', '-1587953316'),
(388, 'br::gov::iphan::sicg::persistencia::dao::ContextoGeralDAO', '79106845'),
(389, 'br::gov::iphan::sicg::persistencia::dao::ContextoGeralMultimidiaDAO', '-1828898794'),
(390, 'br::gov::iphan::sicg::persistencia::dao::ContextoGeralReferenciaBibliograficaDAO', '1254674425'),
(391, 'br::gov::iphan::sicg::persistencia::dao::ContextoImediatoDAO', '-964679662'),
(392, 'br::gov::iphan::sicg::persistencia::dao::ContextoImediatoMultimidiaDAO', '-899916085'),
(393, 'br::gov::iphan::sicg::persistencia::dao::ContextoImediatoReferenciaBibliograficaDAO', '-477694108'),
(394, 'br::gov::iphan::sicg::persistencia::dao::DanoFiscalizacaoDAO', '-1632738709'),
(395, 'br::gov::iphan::sicg::persistencia::dao::IgenericDAO', '-1298197670'),
(396, 'br::gov::iphan::sicg::persistencia::dao::impl::ContextoGeralDAOImpl', '963468477'),
(397, 'br::gov::iphan::sicg::persistencia::dao::impl::ContextoGeralMultimidiaDAOImpl', '-2117368522'),
(398, 'br::gov::iphan::sicg::persistencia::dao::impl::ContextoGeralReferenciaBibliograficaDAOImpl', '1585421273'),
(399, 'br::gov::iphan::sicg::persistencia::dao::impl::ContextoImediatoDAOImpl', '-1197109390'),
(400, 'br::gov::iphan::sicg::persistencia::dao::impl::ContextoImediatoMultimidiaDAOImpl', '1268750763'),
(401, 'br::gov::iphan::sicg::persistencia::dao::impl::ContextoImediatoReferenciaBibliograficaDAOImpl', '-1152832124'),
(402, 'br::gov::iphan::sicg::persistencia::dao::impl::DanoFiscalizacaoDAOImpl', '849227'),
(403, 'br::gov::iphan::sicg::persistencia::dao::impl::TipoUsoFiscalizaocaDAOImpl', '1923468676'),
(404, 'br::gov::iphan::sicg::persistencia::dao::TipoUsoFiscalizacaoDAO', '-962073056'),
(405, 'br::gov::iphan::sicg::apresentacao::controllers::AcaoController', '-1501843409'),
(406, 'br::gov::iphan::sicg::apresentacao::controllers::AcaoMultimidiaController', '195505046'),
(407, 'br::gov::iphan::sicg::apresentacao::controllers::AcaoReferenciaBibliograficaController', '1976652055'),
(408, 'br::gov::iphan::sicg::apresentacao::controllers::BemImaterialAcaoController', '33566837'),
(409, 'br::gov::iphan::sicg::apresentacao::controllers::BemImaterialController', '1513954565'),
(410, 'br::gov::iphan::sicg::apresentacao::controllers::BemImaterialMultimidiaController', '-1262549780'),
(411, 'br::gov::iphan::sicg::apresentacao::controllers::BemImaterialReferenciaBibliograficaController', '1787024257'),
(412, 'br::gov::iphan::sicg::apresentacao::controllers::InstituicaoController', '-146363355'),
(413, 'br::gov::iphan::sicg::apresentacao::controllers::LoginController', '-1634535518'),
(414, 'br::gov::iphan::sicg::apresentacao::controllers::SitioController', '2045521149'),
(415, 'br::gov::iphan::sicg::apresentacao::util::VinculacaoMultimidiaUtil', '663602510'),
(416, 'br::gov::iphan::sicg::comum::utils::IVincularMultimidiaStrategy', '1950062225'),
(417, 'br::gov::iphan::sicg::comum::utils::PartialDate', '419601133'),
(418, 'br::gov::iphan::sicg::comum::utils::PartialDateType', '1331257287'),
(419, 'br::gov::iphan::sicg::comum::utils::ShapefileUtil', '-1947967267'),
(420, 'br::gov::iphan::sicg::negocio::modelos::AbrangenciaBemImaterial', '-1362288702'),
(421, 'br::gov::iphan::sicg::negocio::modelos::Acao', '-2107769347'),
(422, 'br::gov::iphan::sicg::negocio::modelos::AcaoInstituicao', '353404719'),
(423, 'br::gov::iphan::sicg::negocio::modelos::AcaoLinkWeb', '732642365'),
(424, 'br::gov::iphan::sicg::negocio::modelos::AcaoPalavraChave', '1016408553'),
(425, 'br::gov::iphan::sicg::negocio::modelos::AcaoReferencia', '-433525553'),
(426, 'br::gov::iphan::sicg::negocio::modelos::AcaoTipoAtividade', '421517622'),
(427, 'br::gov::iphan::sicg::negocio::modelos::Apropriacao', '-345868290'),
(428, 'br::gov::iphan::sicg::negocio::modelos::Artefato', '1083257221'),
(429, 'br::gov::iphan::sicg::negocio::modelos::BemImaterial', '-1286998957'),
(430, 'br::gov::iphan::sicg::negocio::modelos::BemImaterialLinkWeb', '1931712807'),
(431, 'br::gov::iphan::sicg::negocio::modelos::BemImaterialPalavraChave', '1833193279'),
(432, 'br::gov::iphan::sicg::negocio::modelos::BemImaterialReferencia', '-168988763'),
(433, 'br::gov::iphan::sicg::negocio::modelos::BemSitioArqueologico', '1993055351'),
(434, 'br::gov::iphan::sicg::negocio::modelos::CategoriaApropriacao', '468664261'),
(435, 'br::gov::iphan::sicg::negocio::modelos::CoberturaVegetal', '43609164'),
(436, 'br::gov::iphan::sicg::negocio::modelos::Comodo', '1726922502'),
(437, 'br::gov::iphan::sicg::negocio::modelos::CompartimentoTopografico', '1415181660'),
(438, 'br::gov::iphan::sicg::negocio::modelos::Componente', '194564981'),
(439, 'br::gov::iphan::sicg::negocio::modelos::ComponenteArtefato', '-658465683'),
(440, 'br::gov::iphan::sicg::negocio::modelos::CorpoDagua', '279768318'),
(441, 'br::gov::iphan::sicg::negocio::modelos::DatacaoAbsoluta', '-416809427'),
(442, 'br::gov::iphan::sicg::negocio::modelos::DatacaoRelativa', '1595599746'),
(443, 'br::gov::iphan::sicg::negocio::modelos::EmbalagemExterna', '-1245664069'),
(444, 'br::gov::iphan::sicg::negocio::modelos::EstruturaArqueologica', '790016334'),
(445, 'br::gov::iphan::sicg::negocio::modelos::FatorDegradacaoAntropico', '-548142597'),
(446, 'br::gov::iphan::sicg::negocio::modelos::FatorDegradacaoNatural', '-651856357'),
(447, 'br::gov::iphan::sicg::negocio::modelos::FormaSitio', '935979220'),
(448, 'br::gov::iphan::sicg::negocio::modelos::Instituicao', '-680899937'),
(449, 'br::gov::iphan::sicg::negocio::modelos::Instrumento', '-1262168421'),
(450, 'br::gov::iphan::sicg::negocio::modelos::Inventario', '-1867447330'),
(451, 'br::gov::iphan::sicg::negocio::modelos::MaterialArqueologico', '2000744964'),
(452, 'br::gov::iphan::sicg::negocio::modelos::MaterialEmbalagem', '932879551'),
(453, 'br::gov::iphan::sicg::negocio::modelos::MaterialOrganico', '1395375064'),
(454, 'br::gov::iphan::sicg::negocio::modelos::SitioArqueologico', '-1453403481'),
(455, 'br::gov::iphan::sicg::negocio::modelos::SitioUso', '-1299543014'),
(456, 'br::gov::iphan::sicg::negocio::modelos::SituacaoAcao', '515292484'),
(457, 'br::gov::iphan::sicg::negocio::modelos::TbComponenteArtefato', '-813973445'),
(458, 'br::gov::iphan::sicg::negocio::modelos::TbDatacaoAbsoluta', '-826401505'),
(459, 'br::gov::iphan::sicg::negocio::modelos::TbDatacaoRelativa', '1186007668'),
(460, 'br::gov::iphan::sicg::negocio::modelos::TbInventario', '62641580'),
(461, 'br::gov::iphan::sicg::negocio::modelos::TbMaterialOrganico', '1582922534'),
(462, 'br::gov::iphan::sicg::negocio::modelos::TbPavRiscoConserv', '1638645978'),
(463, 'br::gov::iphan::sicg::negocio::modelos::TbPavRiscoConservPK', '-1514210219'),
(464, 'br::gov::iphan::sicg::negocio::modelos::TbRiscoConsPavimento', '96804431'),
(465, 'br::gov::iphan::sicg::negocio::modelos::TipoAtividade', '-1407811418'),
(466, 'br::gov::iphan::sicg::negocio::modelos::TipoDatacaoAbsoluta', '-800980263'),
(467, 'br::gov::iphan::sicg::negocio::modelos::TipoEstruturaArqueologica', '-2142403334'),
(468, 'br::gov::iphan::sicg::negocio::modelos::TipoFatorDegradacaoAntropico', '-627671345'),
(469, 'br::gov::iphan::sicg::negocio::modelos::TipoFatorDegradacaoNatural', '-1362552849'),
(470, 'br::gov::iphan::sicg::negocio::modelos::TipoInstituicao', '87655755'),
(471, 'br::gov::iphan::sicg::negocio::modelos::TipoMaterialOrganico', '-1923986260'),
(472, 'br::gov::iphan::sicg::negocio::modelos::TipoRiscoConservacaoPavimento', '1005612460'),
(473, 'br::gov::iphan::sicg::negocio::modelos::TipoUsoSitio', '1642681332'),
(474, 'br::gov::iphan::sicg::negocio::modelos::VinculoCartografico', '880318585'),
(475, 'br::gov::iphan::sicg::negocio::regras::AcaoMultimidiaRegra', '1854530972'),
(476, 'br::gov::iphan::sicg::negocio::regras::AcaoReferenciaRegra', '514803025'),
(477, 'br::gov::iphan::sicg::negocio::regras::BemImaterialMultimidiaRegra', '683494278'),
(478, 'br::gov::iphan::sicg::negocio::regras::BemImaterialReferenciaRegra', '-656233669'),
(479, 'br::gov::iphan::sicg::negocio::validacao::AcaoValidacao', '-1517083792'),
(480, 'br::gov::iphan::sicg::negocio::validacao::BemImaterialValidacao', '-29410086'),
(481, 'br::gov::iphan::sicg::negocio::vo::UsuarioVO', '1811780718'),
(482, 'br::gov::iphan::sicg::persistencia::dao::AbrangenciaBemIMaterualDAO', '-232300895'),
(483, 'br::gov::iphan::sicg::persistencia::dao::AcaoDAO', '-1808420712'),
(484, 'br::gov::iphan::sicg::persistencia::dao::AcaoInstituicaoDAO', '-87850560'),
(485, 'br::gov::iphan::sicg::persistencia::dao::AcaoReferenciaBibliograficaDAO', '921253918'),
(486, 'br::gov::iphan::sicg::persistencia::dao::BemImaterialDAO', '-565567614'),
(487, 'br::gov::iphan::sicg::persistencia::dao::BemImaterialReferenciaBibliograficaDAO', '-618290700'),
(488, 'br::gov::iphan::sicg::persistencia::dao::impl::AbrangenciaDAOImpl', '-510002061'),
(489, 'br::gov::iphan::sicg::persistencia::dao::impl::AcaoDAOImpl', '-953314056'),
(490, 'br::gov::iphan::sicg::persistencia::dao::impl::AcaoInstituicaoDAOImpl', '-1566520864'),
(491, 'br::gov::iphan::sicg::persistencia::dao::impl::AcaoReferenciaBibliograficaDAOImpl', '-1000582850'),
(492, 'br::gov::iphan::sicg::persistencia::dao::impl::BemImaterialDAOImpl', '1058037474'),
(493, 'br::gov::iphan::sicg::persistencia::dao::impl::BemImaterialReferenciaBibliograficaDAOImpl', '550764564'),
(494, 'br::gov::iphan::sicg::persistencia::dao::impl::InstituicaoDAOImpl', '-1390645520'),
(495, 'br::gov::iphan::sicg::persistencia::dao::impl::InstrumentoDAOImpl', '2072489844'),
(496, 'br::gov::iphan::sicg::persistencia::dao::impl::SitioArqueologicoDAOImpl', '1618627624'),
(497, 'br::gov::iphan::sicg::persistencia::dao::impl::SituacaoAcaoDAOImpl', '405656785'),
(498, 'br::gov::iphan::sicg::persistencia::dao::impl::TipoAtividadeDAOImpl', '-1919600695'),
(499, 'br::gov::iphan::sicg::persistencia::dao::impl::TipoInstituicaoDAOImpl', '2090792004'),
(500, 'br::gov::iphan::sicg::persistencia::dao::impl::UsuarioDAOImpl', '1256427502'),
(501, 'br::gov::iphan::sicg::persistencia::dao::InstituicaoDAO', '416300752'),
(502, 'br::gov::iphan::sicg::persistencia::dao::InstrumentoDAO', '1155031380'),
(503, 'br::gov::iphan::sicg::persistencia::dao::SitioArqueologicoDAO', '-497917944'),
(504, 'br::gov::iphan::sicg::persistencia::dao::SituacaoAcaoDAO', '112583921'),
(505, 'br::gov::iphan::sicg::persistencia::dao::TipoAtividadeDAO', '-1614916567'),
(506, 'br::gov::iphan::sicg::persistencia::dao::TipoInstituicaoDAO', '-1390510556'),
(507, 'br::gov::iphan::sicg::persistencia::dao::UsuarioDAO', '934780622'),
(508, 'br::gov::iphan::siscau::ws::AutenticaUsuario', '1281188664'),
(509, 'br::gov::iphan::siscau::ws::AutenticaUsuarioResponse', '1960059801'),
(510, 'br::gov::iphan::siscau::ws::ObjectFactory', '1930644069'),
(511, 'siscau/ws/package-info', '-2061518861'),
(512, 'br::gov::iphan::siscau::ws::PesquisaDadosUsuario', '-25557954'),
(513, 'br::gov::iphan::siscau::ws::PesquisaDadosUsuarioResponse', '-832938337'),
(514, 'br::gov::iphan::siscau::ws::UsuarioSistemaWS_UsuarioSistemaWSPort_Client', '-333462896'),
(515, 'UsuarioSistemaWSImpl', '1594836816'),
(516, 'br::gov::iphan::siscau::ws::vo::FuncionalidadeVO', '1892812976'),
(517, 'br::gov::iphan::siscau::ws::vo::RetornoDadosUsuarioSiscau', '-721575773'),
(518, 'br::gov::iphan::siscau::ws::vo::RetornoFuncionalidadesSiscau', '707961455'),
(519, 'br::gov::iphan::siscau::ws::vo::UsuarioLDAPVO', '-140247345'),
(520, 'br::gov::iphan::sicg::apresentacao::controllers::AmbienteInternoComodoController', '1595406466'),
(521, 'br::gov::iphan::sicg::apresentacao::controllers::ClassificacaoParadigmaticaController', '1183049065'),
(522, 'br::gov::iphan::sicg::apresentacao::controllers::ClassificacaoTaxonomicaMaterialHistoricoController', '-1990531638'),
(523, 'br::gov::iphan::sicg::apresentacao::controllers::ClassificacaoTaxonomicaMaterialOrganicoController', '948290498'),
(524, 'br::gov::iphan::sicg::apresentacao::controllers::ClassificacaoTaxonomicaMaterialPreHistoricoController', '2012068139'),
(525, 'br::gov::iphan::sicg::apresentacao::controllers::DatacaoAbsolutaController', '1778807091'),
(526, 'br::gov::iphan::sicg::apresentacao::controllers::DatacaoRelativaController', '1155823688'),
(527, 'br::gov::iphan::sicg::apresentacao::controllers::SitioOutrasInformacoesController', '1624701367'),
(528, 'br::gov::iphan::sicg::apresentacao::controllers::SitioPreservacaoController', '-17631996'),
(529, 'br::gov::iphan::sicg::comum::utils::FuncoesTagUtil', '1935714693'),
(530, 'br::gov::iphan::sicg::negocio::validacao::AmbienteInternoValidacao', '-1865310840'),
(531, 'br::gov::iphan::sicg::persistencia::dao::ApropriacaoDAO', '-159899375'),
(532, 'br::gov::iphan::sicg::persistencia::dao::ArtefatoDAO', '-1405249904'),
(533, 'br::gov::iphan::sicg::persistencia::dao::CategoriaApropriacaoDAO', '-1789340720'),
(534, 'br::gov::iphan::sicg::persistencia::dao::CoberturaVegetalDAO', '1535385449'),
(535, 'br::gov::iphan::sicg::persistencia::dao::ComodoDAO', '-515546577'),
(536, 'br::gov::iphan::sicg::persistencia::dao::CompartimentoTopograficoDAO', '-1630811815'),
(537, 'br::gov::iphan::sicg::persistencia::dao::ComponenteArtefatoDAO', '-1151399192'),
(538, 'br::gov::iphan::sicg::persistencia::dao::ComponenteDAO', '711182816'),
(539, 'br::gov::iphan::sicg::persistencia::dao::CorpoDaguaDAO', '678123447'),
(540, 'br::gov::iphan::sicg::persistencia::dao::DatacaoAbsolutaDAO', '-1822178814'),
(541, 'br::gov::iphan::sicg::persistencia::dao::DatacaoRelativaDAO', '705976461'),
(542, 'br::gov::iphan::sicg::persistencia::dao::EmbalagemExternaDAO', '-1605938022'),
(543, 'br::gov::iphan::sicg::persistencia::dao::FatorDegradacaoAntropicoDAO', '2135852122'),
(544, 'br::gov::iphan::sicg::persistencia::dao::FatorDegradacaoNaturalDAO', '1511485690'),
(545, 'br::gov::iphan::sicg::persistencia::dao::FormaSitioDAO', '-834026463'),
(546, 'br::gov::iphan::sicg::persistencia::dao::impl::ApropriacaoDAOImpl', '-745060175'),
(547, 'br::gov::iphan::sicg::persistencia::dao::impl::ArtefatoDAOImpl', '-1660440848'),
(548, 'br::gov::iphan::sicg::persistencia::dao::impl::CategoriaApropriacaoDAOImpl', '1189354544'),
(549, 'br::gov::iphan::sicg::persistencia::dao::impl::CoberturaVegetalDAOImpl', '-1314913463'),
(550, 'br::gov::iphan::sicg::persistencia::dao::impl::ComodoDAOImpl', '-1007772913'),
(551, 'br::gov::iphan::sicg::persistencia::dao::impl::CompartimentoTopograficoDAOImpl', '-1843063495'),
(552, 'br::gov::iphan::sicg::persistencia::dao::impl::ComponenteArtefatoDAOImpl', '-1736896696'),
(553, 'br::gov::iphan::sicg::persistencia::dao::impl::ComponenteDAOImpl', '-500583872'),
(554, 'br::gov::iphan::sicg::persistencia::dao::impl::CorpoDaguaDAOImpl', '1400405143'),
(555, 'br::gov::iphan::sicg::persistencia::dao::impl::DatacaoAbsolutaDAOImpl', '1958943010'),
(556, 'br::gov::iphan::sicg::persistencia::dao::impl::DatacaoRelativaDAOImpl', '2095018541'),
(557, 'br::gov::iphan::sicg::persistencia::dao::impl::EmbalagemExternaDAOImpl', '-898418694'),
(558, 'br::gov::iphan::sicg::persistencia::dao::impl::FatorDegradacaoAntropicoDAOImpl', '-1394579526'),
(559, 'br::gov::iphan::sicg::persistencia::dao::impl::FatorDegradacaoNaturalDAOImpl', '1494092890'),
(560, 'br::gov::iphan::sicg::persistencia::dao::impl::FormaSitioImpl', '61006161'),
(561, 'br::gov::iphan::sicg::persistencia::dao::impl::InventarioDAOImpl', '-975771209'),
(562, 'br::gov::iphan::sicg::persistencia::dao::impl::MaterialArqueologicoDAOImpl', '-535808751'),
(563, 'br::gov::iphan::sicg::persistencia::dao::impl::MaterialEmbalagemDAOImpl', '-731678960'),
(564, 'br::gov::iphan::sicg::persistencia::dao::impl::MaterialOrganicoDAOImpl', '1154178621'),
(565, 'br::gov::iphan::sicg::persistencia::dao::impl::SitioUsoDAOImpl', '1355035323'),
(566, 'br::gov::iphan::sicg::persistencia::dao::impl::TipoDatacaoAbsolutaDAOImpl', '169530486'),
(567, 'br::gov::iphan::sicg::persistencia::dao::impl::TipoEstruturaArqueologicaDAOImpl', '2075105653'),
(568, 'br::gov::iphan::sicg::persistencia::dao::impl::TipoFatorDegradacaoAntropicoDAOImpl', '-148624666'),
(569, 'br::gov::iphan::sicg::persistencia::dao::impl::TipoFatorDegradacaoNaturalDAOImpl', '-176117114'),
(570, 'br::gov::iphan::sicg::persistencia::dao::impl::TipoMaterialOrganicoDAOImpl', '1516965225'),
(571, 'br::gov::iphan::sicg::persistencia::dao::impl::TipoRiscoConservacaoPavimentoDAOImpl', '-2020925949'),
(572, 'br::gov::iphan::sicg::persistencia::dao::impl::TipoUsoSitioDAOImpl', '-1814734815'),
(573, 'br::gov::iphan::sicg::persistencia::dao::impl::VinculoCartograficoDAOImp', '-55746474'),
(574, 'br::gov::iphan::sicg::persistencia::dao::InventarioDAO', '-2075306793'),
(575, 'br::gov::iphan::sicg::persistencia::dao::MaterialArqueologicoDAO', '2104395057'),
(576, 'br::gov::iphan::sicg::persistencia::dao::MaterialEmbalagemDAO', '-1038795024'),
(577, 'br::gov::iphan::sicg::persistencia::dao::MaterialOrganicoDAO', '-1915022243'),
(578, 'br::gov::iphan::sicg::persistencia::dao::SitioUsoDAO', '-187582501'),
(579, 'br::gov::iphan::sicg::persistencia::dao::TipoDatacaoAbsolutaDAO', '-853919914'),
(580, 'br::gov::iphan::sicg::persistencia::dao::TipoEstruturaArqueologicaDAO', '-164873259'),
(581, 'br::gov::iphan::sicg::persistencia::dao::TipoFatorDegradacaoAntropicoDAO', '-1960522362'),
(582, 'br::gov::iphan::sicg::persistencia::dao::TipoFatorDegradacaoNaturalDAO', '-419031770'),
(583, 'br::gov::iphan::sicg::persistencia::dao::TipoMaterialOrganicoDAO', '-1963767415'),
(584, 'br::gov::iphan::sicg::persistencia::dao::TipoRiscoConservacaoPavimentoDAO', '1857300323'),
(585, 'br::gov::iphan::sicg::persistencia::dao::TipoUsoSitioDAO', '-490500031'),
(586, 'br::gov::iphan::sicg::persistencia::dao::VinculoCartograficoDAO', '-1188545098'),
(587, 'br::gov::iphan::sicg::apresentacao::controllers::PesquisaBemController', '1731545678'),
(588, 'br::gov::iphan::sicg::apresentacao::controllers::PreSetorController', '-836885183'),
(589, 'br::gov::iphan::sicg::apresentacao::controllers::PreSetorizacaoController', '-242359102'),
(590, 'br::gov::iphan::sicg::apresentacao::controllers::PreSetorMultimidiaController', '-1903168984'),
(591, 'br::gov::iphan::sicg::apresentacao::controllers::PreSetorReferenciaBibliograficaController', '1180125125'),
(592, 'br::gov::iphan::sicg::apresentacao::controllers::VisualizarController', '1736195073'),
(593, 'br::gov::iphan::sicg::comum::utils::AbstractPesquisarBemStrategy', '-1693875932'),
(594, 'br::gov::iphan::sicg::comum::utils::PesquisarAcaoStrategy', '341106238'),
(595, 'br::gov::iphan::sicg::comum::utils::PesquisarBemImaterialStrategy', '-1367961452'),
(596, 'br::gov::iphan::sicg::comum::utils::PesquisarBemMaterialStrategy', '260069161'),
(597, 'br::gov::iphan::sicg::comum::utils::PesquisarBemStrategyContext', '-1390311571'),
(598, 'br::gov::iphan::sicg::comum::utils::PesquisarInstituicaoStrategy', '-1967391292'),
(599, 'br::gov::iphan::sicg::comum::utils::PesquisarTodosStrategy', '-279758843'),
(600, 'br::gov::iphan::sicg::comum::utils::SicgPostgisDialect', '-1195636303');
INSERT INTO `D_Class` (`idClass`, `name`, `hashcode`) VALUES
(601, 'br::gov::iphan::sicg::negocio::modelos::Criterio', '-27171046'),
(602, 'br::gov::iphan::sicg::negocio::modelos::PalavraChaveBem', '-1035751087'),
(603, 'br::gov::iphan::sicg::negocio::modelos::PreSetor', '1009536143'),
(604, 'br::gov::iphan::sicg::negocio::modelos::PreSetorLinkWeb', '1211417963'),
(605, 'br::gov::iphan::sicg::negocio::modelos::PreSetorPalavraChave', '-1541919365'),
(606, 'br::gov::iphan::sicg::negocio::modelos::PreSetorReferencia', '-816075551'),
(607, 'br::gov::iphan::sicg::negocio::modelos::TipoCriterio', '-692057106'),
(608, 'br::gov::iphan::sicg::negocio::regras::PreSetorMultimiaRegra', '-1279704507'),
(609, 'br::gov::iphan::sicg::negocio::regras::PreSetorReferenciaRegra', '1256778239'),
(610, 'br::gov::iphan::sicg::negocio::validacao::PreSetorValidacao', '-355295074'),
(611, 'br::gov::iphan::sicg::negocio::vo::PesquisaBemVO', '-95612203'),
(612, 'br::gov::iphan::sicg::negocio::vo::RetornoPesquisaVO', '418117338'),
(613, 'br::gov::iphan::sicg::persistencia::dao::CriterioDAO', '1959328987'),
(614, 'br::gov::iphan::sicg::persistencia::dao::impl::CriterioDAOImpl', '-913246277'),
(615, 'br::gov::iphan::sicg::persistencia::dao::impl::PesquisaBemDAOImpl', '-845043353'),
(616, 'br::gov::iphan::sicg::persistencia::dao::impl::PreSetorDAOImpl', '999552166'),
(617, 'br::gov::iphan::sicg::persistencia::dao::impl::PreSetorReferenciaDAOImpl', '844387412'),
(618, 'br::gov::iphan::sicg::persistencia::dao::impl::TipoCriterioDAOImpl', '-1959226649'),
(619, 'br::gov::iphan::sicg::persistencia::dao::PesquisaBemDAO', '-1978970937'),
(620, 'br::gov::iphan::sicg::persistencia::dao::PreSetorDAO', '1393370950'),
(621, 'br::gov::iphan::sicg::persistencia::dao::PreSetorReferenciaDAO', '-2107722252'),
(622, 'br::gov::iphan::sicg::persistencia::dao::TipoCriterioDAO', '-1982915065'),
(623, 'br::gov::iphan::sicg::apresentacao::controllers::ColecaoAlteracaoConstatadaController', '-960513343'),
(624, 'br::gov::iphan::sicg::apresentacao::controllers::ColecaoController', '-696936443'),
(625, 'br::gov::iphan::sicg::apresentacao::controllers::ColecaoTransporteController', '-1629589439'),
(626, 'br::gov::iphan::sicg::negocio::modelos::AlteracaoAparente', '-344894605'),
(627, 'br::gov::iphan::sicg::negocio::modelos::AlteracaoConstatada', '-1125141055'),
(628, 'br::gov::iphan::sicg::negocio::modelos::AnaliseAlteracaoConstatada', '2026324120'),
(629, 'br::gov::iphan::sicg::negocio::modelos::BemLinkWeb', '-771226243'),
(630, 'br::gov::iphan::sicg::negocio::modelos::ColecaoArqueologica', '-1429219807'),
(631, 'br::gov::iphan::sicg::negocio::modelos::CondicaoRiscoColecaoArqueologica', '-880109571'),
(632, 'br::gov::iphan::sicg::negocio::modelos::CuradorColecao', '-1737117101'),
(633, 'br::gov::iphan::sicg::negocio::modelos::Deposito', '-1035778754'),
(634, 'br::gov::iphan::sicg::negocio::modelos::FormaAquisicaoAchado', '-1462931187'),
(635, 'br::gov::iphan::sicg::negocio::modelos::FormaAquisicaoApreensao', '432484655'),
(636, 'br::gov::iphan::sicg::negocio::modelos::InstituicaoColecao', '351672109'),
(637, 'br::gov::iphan::sicg::negocio::modelos::ItemItinerario', '-663520204'),
(638, 'br::gov::iphan::sicg::negocio::modelos::MeioTransporte', '-567223385'),
(639, 'br::gov::iphan::sicg::negocio::modelos::MotivoTransferencia', '-1918370326'),
(640, 'br::gov::iphan::sicg::negocio::modelos::ProvenienciaAcervo', '855726992'),
(641, 'br::gov::iphan::sicg::negocio::modelos::TipoAlteracaoAparente', '-165880545'),
(642, 'br::gov::iphan::sicg::negocio::modelos::TipoOcorrencia', '89137144'),
(643, 'br::gov::iphan::sicg::negocio::modelos::TransporteColecao', '1486290883'),
(644, 'br::gov::iphan::sicg::negocio::vo::ContextoGeralVO', '-1715377793'),
(645, 'br::gov::iphan::sicg::negocio::vo::DetalharBemVO', '-486569553'),
(646, 'br::gov::iphan::sicg::persistencia::dao::AlteracaoAparenteDAO', '-913531972'),
(647, 'br::gov::iphan::sicg::persistencia::dao::AlteracaoConstatadaDAO', '1453374318'),
(648, 'br::gov::iphan::sicg::persistencia::dao::AnaliseAlteracaoConstatadaDAO', '113491933'),
(649, 'br::gov::iphan::sicg::persistencia::dao::ColecaoArqueologicaDAO', '729300750'),
(650, 'br::gov::iphan::sicg::persistencia::dao::CondicaoRiscoColecaoArqueologicaDAO', '2053481496'),
(651, 'br::gov::iphan::sicg::persistencia::dao::CuradorColecaoDAO', '2054053058'),
(652, 'br::gov::iphan::sicg::persistencia::dao::impl::AlteracaoAparenteDAOImpl', '1678216668'),
(653, 'br::gov::iphan::sicg::persistencia::dao::impl::AlteracaoConstatadaDAOImpl', '-1508799346'),
(654, 'br::gov::iphan::sicg::persistencia::dao::impl::AnaliseAlteracaoConstatadaDAOImpl', '1416372669'),
(655, 'br::gov::iphan::sicg::persistencia::dao::impl::ColecaoArqueologicaDAOImpl', '1983791150'),
(656, 'br::gov::iphan::sicg::persistencia::dao::impl::CondicaoRiscoColecaoArqueologicaDAOImpl', '1877563512'),
(657, 'br::gov::iphan::sicg::persistencia::dao::impl::CuradorColecaoDAOImpl', '-1417808862'),
(658, 'br::gov::iphan::sicg::persistencia::dao::impl::InstituicaoColecaoDAOImpl', '1592261768'),
(659, 'br::gov::iphan::sicg::persistencia::dao::impl::ItemItinerarioDAOImpl', '-33260767'),
(660, 'br::gov::iphan::sicg::persistencia::dao::impl::MeioTransporteDAOImpl', '-1284152242'),
(661, 'br::gov::iphan::sicg::persistencia::dao::impl::TipoAlteracaoAparenteDAOImpl', '39699504'),
(662, 'br::gov::iphan::sicg::persistencia::dao::impl::TransporteColecaoDAOImpl', '-1815713908'),
(663, 'br::gov::iphan::sicg::persistencia::dao::InstituicaoColecaoDAO', '1322686504'),
(664, 'br::gov::iphan::sicg::persistencia::dao::ItemItinerarioDAO', '957758273'),
(665, 'br::gov::iphan::sicg::persistencia::dao::MeioTransporteDAO', '698139374'),
(666, 'br::gov::iphan::sicg::persistencia::dao::TipoAlteracaoAparenteDAO', '1870334992'),
(667, 'br::gov::iphan::sicg::persistencia::dao::TransporteColecaoDAO', '1553714540'),
(668, 'br::gov::iphan::sicg::apresentacao::controllers::ColecaoFormaDeAcondicionamentoController', '-1347948052'),
(669, 'br::gov::iphan::sicg::apresentacao::controllers::ColecaoFormaDeAquisicaoController', '-1101686658'),
(670, 'br::gov::iphan::sicg::apresentacao::controllers::JardimController', '1898013676'),
(671, 'br::gov::iphan::sicg::apresentacao::converters::FormaAcondicionamentoConverter', '-1436267089'),
(672, 'br::gov::iphan::sicg::apresentacao::converters::FormaAquisicaoConverter', '1627091199'),
(673, 'br::gov::iphan::sicg::comum::utils::Coordinate3DFilter', '-2134749469'),
(674, 'br::gov::iphan::sicg::negocio::modelos::ArrolamentoColecao', '1898942923'),
(675, 'br::gov::iphan::sicg::negocio::modelos::ArrolamentoSitio', '-528669373'),
(676, 'br::gov::iphan::sicg::negocio::modelos::AutoriaJardim', '-1610712613'),
(677, 'br::gov::iphan::sicg::negocio::modelos::CaracteristicasElementosConstruidos', '-1093043325'),
(678, 'br::gov::iphan::sicg::negocio::modelos::CorColecaoArqueologica', '1524231541'),
(679, 'br::gov::iphan::sicg::negocio::modelos::CronologiaColecaoArq', '-727835940'),
(680, 'br::gov::iphan::sicg::negocio::modelos::CulturaColecaoArq', '-1687829455'),
(681, 'br::gov::iphan::sicg::negocio::modelos::DecoracaoColecaoArq', '1761469116'),
(682, 'br::gov::iphan::sicg::negocio::modelos::ElementoConstruidoJardim', '590385915'),
(683, 'br::gov::iphan::sicg::negocio::modelos::ElementoFloristico', '1284658420'),
(684, 'br::gov::iphan::sicg::negocio::modelos::EmbalagemEnvolvente', '-854569268'),
(685, 'br::gov::iphan::sicg::negocio::modelos::EmbalagemExternaDeAcondicionamento', '-1024318185'),
(686, 'br::gov::iphan::sicg::negocio::modelos::Estrato', '-403901917'),
(687, 'br::gov::iphan::sicg::negocio::modelos::ExposicaoArLivre', '-1577203649'),
(688, 'br::gov::iphan::sicg::negocio::modelos::ExposicaoRecinto', '274511444'),
(689, 'br::gov::iphan::sicg::negocio::modelos::FormaAcondicionamento', '1548695051'),
(690, 'br::gov::iphan::sicg::negocio::modelos::FormaAcondicionamentoEmbalada', '-1641630908'),
(691, 'br::gov::iphan::sicg::negocio::modelos::FormaAcondicionamentoEmExposicao', '-1352199114'),
(692, 'br::gov::iphan::sicg::negocio::modelos::FormaAcondicionamentoEmTratamento', '-402768396'),
(693, 'br::gov::iphan::sicg::negocio::modelos::FormaAquisicao', '63622087'),
(694, 'br::gov::iphan::sicg::negocio::modelos::FormaAquisicaoAchadoFortuito', '1758326663'),
(695, 'br::gov::iphan::sicg::negocio::modelos::FormaAquisicaoCessao', '-1403480937'),
(696, 'br::gov::iphan::sicg::negocio::modelos::FormaAquisicaoDoacao', '-1366168190'),
(697, 'br::gov::iphan::sicg::negocio::modelos::FormaAquisicaoEscavacao', '-2095774925'),
(698, 'br::gov::iphan::sicg::negocio::modelos::FormaAquisicaoEspolio', '1614700158'),
(699, 'br::gov::iphan::sicg::negocio::modelos::FormaAquisicaoOutros', '-1045125521'),
(700, 'br::gov::iphan::sicg::negocio::modelos::FormaAquisicaoTransferencia', '514148832'),
(701, 'br::gov::iphan::sicg::negocio::modelos::FuncaoJardim', '-507668916'),
(702, 'br::gov::iphan::sicg::negocio::modelos::ImediataAoObjeto', '954099372'),
(703, 'br::gov::iphan::sicg::negocio::modelos::IntervencaoJardim', '316382414'),
(704, 'br::gov::iphan::sicg::negocio::modelos::ItemColecaoArq', '-1868791468'),
(705, 'br::gov::iphan::sicg::negocio::modelos::Jardim', '1914535802'),
(706, 'br::gov::iphan::sicg::negocio::modelos::Localizacao', '479511775'),
(707, 'br::gov::iphan::sicg::negocio::modelos::MaterialAcondicionamento', '1266233167'),
(708, 'br::gov::iphan::sicg::negocio::modelos::MaterialColetado', '-559012591'),
(709, 'br::gov::iphan::sicg::negocio::modelos::MeioColecaoArq', '1727414591'),
(710, 'br::gov::iphan::sicg::negocio::modelos::ParteItemColecaoArq', '725719308'),
(711, 'br::gov::iphan::sicg::negocio::modelos::ProtecaoExterna', '-1298757695'),
(712, 'br::gov::iphan::sicg::negocio::modelos::TecnicaColecaoArq', '-937873486'),
(713, 'br::gov::iphan::sicg::negocio::modelos::TipoElementoConstruido', '1459991714'),
(714, 'br::gov::iphan::sicg::negocio::modelos::TipologiaColecaoArq', '-2137008913'),
(715, 'br::gov::iphan::sicg::negocio::modelos::TipologiaJardim', '-84793592'),
(716, 'br::gov::iphan::sicg::negocio::vo::GrupoBemVO', '899776691'),
(717, 'br::gov::iphan::sicg::negocio::vo::HierarquiaBemVO', '1076196719'),
(718, 'br::gov::iphan::sicg::persistencia::dao::ArrolamentoColecaoDAO', '-1816481590'),
(719, 'br::gov::iphan::sicg::persistencia::dao::ArrolamentoSitioDAO', '-489312494'),
(720, 'br::gov::iphan::sicg::persistencia::dao::AutoriaJardimDAO', '1069535956'),
(721, 'br::gov::iphan::sicg::persistencia::dao::CaracteriscasElementosConstruidosDAO', '1981092343'),
(722, 'br::gov::iphan::sicg::persistencia::dao::CorColecaoArqueologiaDAO', '312803557'),
(723, 'br::gov::iphan::sicg::persistencia::dao::CronologiaColecaoArqDAO', '1501728089'),
(724, 'br::gov::iphan::sicg::persistencia::dao::CulturaColecaoArqDAO', '-665286082'),
(725, 'br::gov::iphan::sicg::persistencia::dao::DecoracaoColecaoArqDAO', '-1673189229'),
(726, 'br::gov::iphan::sicg::persistencia::dao::ElementoConstruidoJardimDAO', '-1612950694'),
(727, 'br::gov::iphan::sicg::persistencia::dao::ElementoFloristicoDAO', '-1110462207'),
(728, 'br::gov::iphan::sicg::persistencia::dao::EmbalagemEnvolventeDAO', '403866243'),
(729, 'br::gov::iphan::sicg::persistencia::dao::EmbalagemExternaDeAcondicionamentoDAO', '1311073278'),
(730, 'br::gov::iphan::sicg::persistencia::dao::EstratoDAO', '-232657076'),
(731, 'br::gov::iphan::sicg::persistencia::dao::ExposicaoArLivreDAO', '-76785002'),
(732, 'br::gov::iphan::sicg::persistencia::dao::ExposicaoRecintoDAO', '-192399263'),
(733, 'br::gov::iphan::sicg::persistencia::dao::FormaAcondicionamentoDAO', '745864100'),
(734, 'br::gov::iphan::sicg::persistencia::dao::FormaAquisicaoDAO', '-561291570'),
(735, 'br::gov::iphan::sicg::persistencia::dao::FuncaoJardimDAO', '-2137518359'),
(736, 'br::gov::iphan::sicg::persistencia::dao::ImediataAoObjetoDAO', '-1064269559'),
(737, 'br::gov::iphan::sicg::persistencia::dao::impl::ArrolamentoColecaoDAOImpl', '-320146390'),
(738, 'br::gov::iphan::sicg::persistencia::dao::impl::ArrolamentoSitioDAOImpl', '283088498'),
(739, 'br::gov::iphan::sicg::persistencia::dao::impl::AutoriaJardimDAOImpl', '1041328372'),
(740, 'br::gov::iphan::sicg::persistencia::dao::impl::CaracteristicasElementosConstruidosDAOImpl', '-936571252'),
(741, 'br::gov::iphan::sicg::persistencia::dao::impl::CorColecaoArqueologiaDAOImpl', '1663518341'),
(742, 'br::gov::iphan::sicg::persistencia::dao::impl::CronologiaColecaoArqDAOImpl', '85190969'),
(743, 'br::gov::iphan::sicg::persistencia::dao::impl::CulturaColecaoArqDAOImpl', '911502174'),
(744, 'br::gov::iphan::sicg::persistencia::dao::impl::DecoracaoColecaoArqDAOImpl', '2076237619'),
(745, 'br::gov::iphan::sicg::persistencia::dao::impl::ElementoConstruidoJardimDAOImpl', '602846906'),
(746, 'br::gov::iphan::sicg::persistencia::dao::impl::ElementoFloristicoDAOImpl', '126288097'),
(747, 'br::gov::iphan::sicg::persistencia::dao::impl::EmbalagemEnvolventeDAOImpl', '1013956899'),
(748, 'br::gov::iphan::sicg::persistencia::dao::impl::EmbalagemExternaDeAcondicionamentoDAOImpl', '-19354274'),
(749, 'br::gov::iphan::sicg::persistencia::dao::impl::EstratoDAOImpl', '781545836'),
(750, 'br::gov::iphan::sicg::persistencia::dao::impl::ExposicaoArLivreDAOImpl', '1600970742'),
(751, 'br::gov::iphan::sicg::persistencia::dao::impl::ExposicaoRecintoDAOImpl', '-2004950975'),
(752, 'br::gov::iphan::sicg::persistencia::dao::impl::FormaAcondicionamentoDAOImpl', '-890385980'),
(753, 'br::gov::iphan::sicg::persistencia::dao::impl::FormaAquisicaoDAOImpl', '-705490898'),
(754, 'br::gov::iphan::sicg::persistencia::dao::impl::FuncaoJardimDAOImpl', '544883401'),
(755, 'br::gov::iphan::sicg::persistencia::dao::impl::ImediataAoObjetoDAOImpl', '-2128700183'),
(756, 'br::gov::iphan::sicg::persistencia::dao::impl::IntervencaoJardimDAOImpl', '338958369'),
(757, 'br::gov::iphan::sicg::persistencia::dao::impl::ItemColecaoArqDAOImpl', '-675188223'),
(758, 'br::gov::iphan::sicg::persistencia::dao::impl::JardimDaoImpl', '-1794231269'),
(759, 'br::gov::iphan::sicg::persistencia::dao::impl::LocalizacaoDAOImpl', '1818225840'),
(760, 'br::gov::iphan::sicg::persistencia::dao::impl::MaterialAcondicionamentoDAOImpl', '-404663322'),
(761, 'br::gov::iphan::sicg::persistencia::dao::impl::MaterialColetadoDAOImpl', '-1617702172'),
(762, 'br::gov::iphan::sicg::persistencia::dao::impl::MeioColecaoArqDAOImpl', '930546614'),
(763, 'br::gov::iphan::sicg::persistencia::dao::impl::MotivoTransferenciaDAOImpl', '235435077'),
(764, 'br::gov::iphan::sicg::persistencia::dao::impl::ParteItemColecaoArqDAOImpl', '-1000182045'),
(765, 'br::gov::iphan::sicg::persistencia::dao::impl::ProtecaoExternaDAOImpl', '549871886'),
(766, 'br::gov::iphan::sicg::persistencia::dao::impl::TecnicaColecaoArqDAOImpl', '1618623677'),
(767, 'br::gov::iphan::sicg::persistencia::dao::impl::TipoElementoConstruidoDAOImpl', '-808798221'),
(768, 'br::gov::iphan::sicg::persistencia::dao::impl::TipologiaColecaoArqDAOImpl', '1262919072'),
(769, 'br::gov::iphan::sicg::persistencia::dao::impl::TipologiaJardimDAOImpl', '1985827815'),
(770, 'br::gov::iphan::sicg::persistencia::dao::impl::TipoOcorrenciaDAOImpl', '-912207139'),
(771, 'br::gov::iphan::sicg::persistencia::dao::IntervencaoJardimDAO', '-1824845695'),
(772, 'br::gov::iphan::sicg::persistencia::dao::ItemColecaoArqDAO', '648127009'),
(773, 'br::gov::iphan::sicg::persistencia::dao::JardimDao', '919822651'),
(774, 'br::gov::iphan::sicg::persistencia::dao::LocalizacaoDAO', '49847440'),
(775, 'br::gov::iphan::sicg::persistencia::dao::MaterialAcondicionamentoDAO', '2040817286'),
(776, 'br::gov::iphan::sicg::persistencia::dao::MaterialColetadoDAO', '1793979524'),
(777, 'br::gov::iphan::sicg::persistencia::dao::MeioColecaoArqDAO', '1558599254'),
(778, 'br::gov::iphan::sicg::persistencia::dao::MotivoTransferenciaDAO', '1270224549'),
(779, 'br::gov::iphan::sicg::persistencia::dao::ParteItemColecaoArqDAO', '1644302403'),
(780, 'br::gov::iphan::sicg::persistencia::dao::ProtecaoExternaDAO', '666886126'),
(781, 'br::gov::iphan::sicg::persistencia::dao::TecnicaColecaoArqDAO', '-1146887395'),
(782, 'br::gov::iphan::sicg::persistencia::dao::TipoElementoConstruidoDAO', '-1398550253'),
(783, 'br::gov::iphan::sicg::persistencia::dao::TipologiaColecaoArqDAO', '-1021500032'),
(784, 'br::gov::iphan::sicg::persistencia::dao::TipologiaJardimDAO', '-2048121017'),
(785, 'br::gov::iphan::sicg::persistencia::dao::TipoOcorrenciaDAO', '-651439875'),
(786, 'br::gov::iphan::sicg::apresentacao::controllers::SetorizacaoController', '510639295'),
(787, 'br::gov::iphan::sicg::apresentacao::controllers::SetorizacaoMultimidiaController', '-1683962842'),
(788, 'br::gov::iphan::sicg::apresentacao::controllers::SetorizacaoReferenciaBibliograficaController', '519053959'),
(789, 'br::gov::iphan::sicg::apresentacao::converters::FeatureConverter', '1414386001'),
(790, 'br::gov::iphan::sicg::apresentacao::util::GeometryUtil', '-372133110'),
(791, 'br::gov::iphan::sicg::apresentacao::util::GeradorFeicaoBem', '-1618963969'),
(792, 'br::gov::iphan::sicg::apresentacao::util::GeradorFeicaoSetor', '-1030502918'),
(793, 'br::gov::iphan::sicg::negocio::modelos::AcaoSetor', '-564952632'),
(794, 'br::gov::iphan::sicg::negocio::modelos::CategoriaRisco', '-152553726'),
(795, 'br::gov::iphan::sicg::negocio::modelos::CategoriaRiscoSetor', '-53664797'),
(796, 'br::gov::iphan::sicg::negocio::modelos::EstagioProjetoBasico', '-1780664321'),
(797, 'br::gov::iphan::sicg::negocio::modelos::FonteRecurso', '210590880'),
(798, 'br::gov::iphan::sicg::negocio::modelos::LinhaAcaoSetor', '-388445800'),
(799, 'br::gov::iphan::sicg::negocio::modelos::MetaAcaoSetor', '1694257091'),
(800, 'br::gov::iphan::sicg::negocio::modelos::RecursoAcaoSetor', '-142055879'),
(801, 'br::gov::iphan::sicg::negocio::modelos::RiscoSetor', '-1603960694'),
(802, 'br::gov::iphan::sicg::negocio::modelos::TipoAcaoSetor', '298415988'),
(803, 'br::gov::iphan::sicg::negocio::vo::MunicipioSimpleVO', '-1571157505'),
(804, 'br::gov::iphan::sicg::negocio::vo::UfVO', '-645945693'),
(805, 'br::gov::iphan::sicg::persistencia::dao::AcaoSetorDAO', '-381731257'),
(806, 'br::gov::iphan::sicg::persistencia::dao::CategoriaRiscoDAO', '1796007347'),
(807, 'br::gov::iphan::sicg::persistencia::dao::CategoriaRiscoSetorDAO', '1605632524'),
(808, 'br::gov::iphan::sicg::persistencia::dao::EstagioProjetoBasicoDAO', '-1457374890'),
(809, 'br::gov::iphan::sicg::persistencia::dao::FonteRecursoDAO', '-1987004395'),
(810, 'br::gov::iphan::sicg::persistencia::dao::impl::AcaoSetorDAOImpl', '1084740327'),
(811, 'br::gov::iphan::sicg::persistencia::dao::impl::CategoriaRiscoDaoImpl', '-549805933'),
(812, 'br::gov::iphan::sicg::persistencia::dao::impl::CategoriaRiscoSetorDAOImp', '528626752'),
(813, 'br::gov::iphan::sicg::persistencia::dao::impl::EstagioProjetoBasicoDAOImpl', '-455913802'),
(814, 'br::gov::iphan::sicg::persistencia::dao::impl::FonteRecursoDAOImpl', '1029862901'),
(815, 'br::gov::iphan::sicg::persistencia::dao::impl::LinhaAcaoSetorDAOImpl', '-260827843'),
(816, 'br::gov::iphan::sicg::persistencia::dao::impl::MetaAcaoSetorDAOImpl', '-790979060'),
(817, 'br::gov::iphan::sicg::persistencia::dao::impl::RecursoAcaoSetorDAOImp', '1682620848'),
(818, 'br::gov::iphan::sicg::persistencia::dao::impl::RiscoSetorDaoImpl', '2030507915'),
(819, 'br::gov::iphan::sicg::persistencia::dao::impl::TipoAcaoSetorDAOImpl', '-1275880133'),
(820, 'br::gov::iphan::sicg::persistencia::dao::LinhaAcaoSetorDAO', '901727069'),
(821, 'br::gov::iphan::sicg::persistencia::dao::MetaAcaoSetorDAO', '1591694316'),
(822, 'br::gov::iphan::sicg::persistencia::dao::RecursoAcaoSetorDAO', '-1989000612'),
(823, 'br::gov::iphan::sicg::persistencia::dao::RiscoSetorDao', '549817515'),
(824, 'br::gov::iphan::sicg::persistencia::dao::TipoAcaoSetorDAO', '1962754715'),
(825, 'br::gov::iphan::sicg::apresentacao::controllers::RecorteGeograficoController', '488526609'),
(826, 'br::gov::iphan::sicg::apresentacao::util::AuditoriaInterceptor', '1839835429'),
(827, 'br::gov::iphan::sicg::comum::utils::BaseShapefileStreamReader', '631062765'),
(828, 'br::gov::iphan::sicg::comum::utils::ShapefileZipStreamReader', '626097769'),
(829, 'br::gov::iphan::sicg::comum::utils::SingleShapefileStreamReader', '-1639926698'),
(830, 'br::gov::iphan::sicg::negocio::modelos::CaraterProcesso', '2122258855'),
(831, 'br::gov::iphan::sicg::negocio::modelos::CategoriaMultimidiaBem', '1778090429'),
(832, 'br::gov::iphan::sicg::negocio::modelos::CategoriaMultimidiaCtxGeral', '-1764939963'),
(833, 'br::gov::iphan::sicg::negocio::modelos::CategoriaMultimidiaCtxImediato', '1289514576'),
(834, 'br::gov::iphan::sicg::negocio::modelos::CategoriaMultimidiaNaturezaTipo', '1836135055'),
(835, 'br::gov::iphan::sicg::negocio::modelos::NaturezaProcesso', '-1154044229'),
(836, 'br::gov::iphan::sicg::negocio::modelos::RecorteGeografico', '52156427'),
(837, 'br::gov::iphan::sicg::negocio::modelos::RevisaoAuditoria', '9925512'),
(838, 'br::gov::iphan::sicg::negocio::modelos::RevisaoListener', '-1430712446'),
(839, 'br::gov::iphan::sicg::negocio::modelos::TermoAceite', '547041741'),
(840, 'br::gov::iphan::sicg::negocio::modelos::TipoProcesso', '645717089'),
(841, 'br::gov::iphan::sicg::negocio::modelos::TipoUsoEspaco', '-1008186277'),
(842, 'br::gov::iphan::sicg::negocio::modelos::UsoEspacoContextoImediato', '1739005541'),
(843, 'br::gov::iphan::sicg::negocio::modelos::Usuario', '911688161'),
(844, 'br::gov::iphan::sicg::negocio::modelos::UsuarioTermoAceite', '-47737863'),
(845, 'br::gov::iphan::sicg::negocio::MunicipioUf', '-1972885250'),
(846, 'br::gov::iphan::sicg::persistencia::dao::CaraterProcessoDAO', '891960392'),
(847, 'br::gov::iphan::sicg::persistencia::dao::impl::CaraterProcessoDAOImpl', '2123825256'),
(848, 'br::gov::iphan::sicg::persistencia::dao::impl::NaturezaProcessoDAOImpl', '-1768491526'),
(849, 'br::gov::iphan::sicg::persistencia::dao::impl::RecorteGeograficoDAOImpl', '32714308'),
(850, 'br::gov::iphan::sicg::persistencia::dao::impl::TermoAceiteDAOImpl', '-2015381502'),
(851, 'br::gov::iphan::sicg::persistencia::dao::impl::TipoProcessoDAOImpl', '-291968236'),
(852, 'br::gov::iphan::sicg::persistencia::dao::impl::TipoUsoEspacoDAOImpl', '963495540'),
(853, 'br::gov::iphan::sicg::persistencia::dao::impl::UsoEspacoContextoImediatoDAOImpl', '1294311850'),
(854, 'br::gov::iphan::sicg::persistencia::dao::impl::UsuarioSicgDAOImpl', '-374282412'),
(855, 'br::gov::iphan::sicg::persistencia::dao::impl::UsuarioTermoAceiteDAOImpl', '-423443908'),
(856, 'br::gov::iphan::sicg::persistencia::dao::NaturezaProcessoDAO', '536482458'),
(857, 'br::gov::iphan::sicg::persistencia::dao::RecorteGeograficoDAO', '-706170844'),
(858, 'br::gov::iphan::sicg::persistencia::dao::TermoAceiteDAO', '1790370018'),
(859, 'br::gov::iphan::sicg::persistencia::dao::TipoProcessoDAO', '-1353411404'),
(860, 'br::gov::iphan::sicg::persistencia::dao::TipoUsoEspacoDAO', '-2031685548'),
(861, 'br::gov::iphan::sicg::persistencia::dao::UsoEspacoContextoImediatoDAO', '1777378954'),
(862, 'br::gov::iphan::sicg::persistencia::dao::UsuarioSicgDAO', '-1592227532'),
(863, 'br::gov::iphan::sicg::persistencia::dao::UsuarioTermoAceiteDAO', '-440379428'),
(864, 'br::gov::iphan::sicg::apresentacao::controllers::BemConjuntoUrbanoController', '-1807067428'),
(865, 'br::gov::iphan::sicg::apresentacao::controllers::relatorios::RelatorioBemController', '320022930'),
(866, 'br::gov::iphan::sicg::apresentacao::controllers::relatorios::RelatorioController', '-320043696'),
(867, 'br::gov::iphan::sicg::apresentacao::controllers::VisualizadorProtecaoController', '-1785753239'),
(868, 'br::gov::iphan::sicg::comum::utils::HierarchyNotATreeException', '632665488'),
(869, 'br::gov::iphan::sicg::negocio::modelos::BemConjuntoUrbano', '827919766'),
(870, 'br::gov::iphan::sicg::negocio::modelos::CaracterizacaoEconomica', '-1865092237'),
(871, 'br::gov::iphan::sicg::negocio::modelos::CategoriaPatrimonioMundial', '-1905481928'),
(872, 'br::gov::iphan::sicg::negocio::modelos::CondicaoProtecao', '-1534791958'),
(873, 'br::gov::iphan::sicg::negocio::modelos::Evento', '1790406658'),
(874, 'br::gov::iphan::sicg::negocio::modelos::FormaInscricao', '-97313931'),
(875, 'br::gov::iphan::sicg::negocio::modelos::HistoricoCondicaoProtecaoBem', '1080708138'),
(876, 'br::gov::iphan::sicg::negocio::modelos::InfraEstruturaUrbana', '-1434995163'),
(877, 'br::gov::iphan::sicg::negocio::modelos::OrigemConjuntoUrbano', '-907395409'),
(878, 'br::gov::iphan::sicg::negocio::modelos::PeriodoTipoCriterio', '1796984546'),
(879, 'br::gov::iphan::sicg::negocio::modelos::ProjetoIntervencao', '-1882039816'),
(880, 'br::gov::iphan::sicg::negocio::modelos::ProtecaoPatrimonioMundial', '-1194010434'),
(881, 'br::gov::iphan::sicg::negocio::modelos::Regulamentacao', '-1107984975'),
(882, 'br::gov::iphan::sicg::negocio::modelos::RiscoAntropico', '948024526'),
(883, 'br::gov::iphan::sicg::negocio::modelos::RiscoNatural', '230146478'),
(884, 'br::gov::iphan::sicg::negocio::modelos::SistemaInfraEstruturaUrbana', '288053869'),
(885, 'br::gov::iphan::sicg::negocio::modelos::TipoCriterioFormaInscricao', '-349492970'),
(886, 'br::gov::iphan::sicg::negocio::modelos::TipoFormaInscricao', '-525348535'),
(887, 'br::gov::iphan::sicg::negocio::modelos::TipoInfraEstruturaUrbana', '1518451961'),
(888, 'br::gov::iphan::sicg::negocio::modelos::TipologiaPatrimonioMundial', '1911538787'),
(889, 'br::gov::iphan::sicg::negocio::modelos::TipoProtecao', '661401012'),
(890, 'br::gov::iphan::sicg::negocio::regras::ContextoRegra', '-1878818221'),
(891, 'br::gov::iphan::sicg::negocio::regras::SetorRegra', '-1765670994'),
(892, 'br::gov::iphan::sicg::negocio::validacao::FormaInscricaoValidacao', '1561655224'),
(893, 'br::gov::iphan::sicg::persistencia::dao::BemConjuntoUrbanoDAO', '-1159558471'),
(894, 'br::gov::iphan::sicg::persistencia::dao::CaracterizacaoEconomicaDAO', '-417902084'),
(895, 'br::gov::iphan::sicg::persistencia::dao::CategoriaPatrimonioMundialDAO', '27612477'),
(896, 'br::gov::iphan::sicg::persistencia::dao::EventoDAO', '955334579'),
(897, 'br::gov::iphan::sicg::persistencia::dao::FormaInscricaoDAO', '-1822701472'),
(898, 'br::gov::iphan::sicg::persistencia::dao::impl::BemConjuntoUrbanoDAOImpl', '-895240615'),
(899, 'br::gov::iphan::sicg::persistencia::dao::impl::CaracterizacaoEconomicaDAOImp', '-48787888'),
(900, 'br::gov::iphan::sicg::persistencia::dao::impl::CategoriaPatrimonioMundialDAOImpl', '801376029'),
(901, 'br::gov::iphan::sicg::persistencia::dao::impl::EventoDAOImpl', '2141722259'),
(902, 'br::gov::iphan::sicg::persistencia::dao::impl::FormaInscricaoDAOImpl', '1919967424'),
(903, 'br::gov::iphan::sicg::persistencia::dao::impl::InfraEstruturaUrbanaDAOImpl', '-1904494128'),
(904, 'br::gov::iphan::sicg::persistencia::dao::impl::OrigemConjuntoUrbanoDAOImpl', '704799238'),
(905, 'br::gov::iphan::sicg::persistencia::dao::impl::ProjetoIntervencaoDAOImpl', '-1582559395'),
(906, 'br::gov::iphan::sicg::persistencia::dao::impl::ProtecaoPatrimonioMundialDAOImpl', '2000372017'),
(907, 'br::gov::iphan::sicg::persistencia::dao::impl::RegulamentacaoDAOImpl', '-597540092'),
(908, 'br::gov::iphan::sicg::persistencia::dao::impl::RiscoAntropicoDAOImpl', '-780385977'),
(909, 'br::gov::iphan::sicg::persistencia::dao::impl::RiscoNaturalDAOImpl', '-33757913'),
(910, 'br::gov::iphan::sicg::persistencia::dao::impl::SistemaInfraEstruturaUrbanaDAOImpl', '-11697822'),
(911, 'br::gov::iphan::sicg::persistencia::dao::impl::TipoCriterioFormaInscricaoDAOImpl', '774328191'),
(912, 'br::gov::iphan::sicg::persistencia::dao::impl::TipoFormaInscricaoDAOImpl', '-1739986196'),
(913, 'br::gov::iphan::sicg::persistencia::dao::impl::TipoInfraEstruturaUrbanaDAOImpl', '1628959484'),
(914, 'br::gov::iphan::sicg::persistencia::dao::impl::TipologiaPatrimonioMundialDAOImpl', '-674704494'),
(915, 'br::gov::iphan::sicg::persistencia::dao::InfraEstruturaUrbanaDAO', '1335902576'),
(916, 'br::gov::iphan::sicg::persistencia::dao::OrigemConjuntoUrbanoDAO', '-520129370'),
(917, 'br::gov::iphan::sicg::persistencia::dao::ProjetoIntervencaoDAO', '-1260954243'),
(918, 'br::gov::iphan::sicg::persistencia::dao::ProtecaoPatrimonioMundialDAO', '1113137553'),
(919, 'br::gov::iphan::sicg::persistencia::dao::RegulamentacaoDAO', '1291938980'),
(920, 'br::gov::iphan::sicg::persistencia::dao::RiscoAntropicoDAO', '1342375015'),
(921, 'br::gov::iphan::sicg::persistencia::dao::RiscoNaturalDAO', '773230663'),
(922, 'br::gov::iphan::sicg::persistencia::dao::SistemaInfraEstruturaUrbanaDAO', '-1977607614'),
(923, 'br::gov::iphan::sicg::persistencia::dao::TipoCriterioFormaInscricaoDAO', '-1087365473'),
(924, 'br::gov::iphan::sicg::persistencia::dao::TipoFormaInscricaoDAO', '286742668'),
(925, 'br::gov::iphan::sicg::persistencia::dao::TipoInfraEstruturaUrbanaDAO', '-301858660'),
(926, 'br::gov::iphan::sicg::persistencia::dao::TipologiaPatrimonioMundialDAO', '-662395854'),
(927, 'br::gov::iphan::sicg::negocio::regras::ContextoRegraTest', '53205381'),
(928, 'br::gov::iphan::sicg::negocio::regras::SetorRegraTest', '1634087264'),
(929, 'br::gov::iphan::sicg::apresentacao::controllers::BemImaterialVincularAcaoController', '-1911355323'),
(930, 'br::gov::iphan::sicg::apresentacao::controllers::InstituicaoContatosController', '-1052346482'),
(931, 'br::gov::iphan::sicg::apresentacao::controllers::InstituicaoVincularAcaoController', '-425793691'),
(932, 'br::gov::iphan::sicg::apresentacao::controllers::InstituicaoVincularBemImaterialController', '-1045905861'),
(933, 'br::gov::iphan::sicg::comum::utils::ContatoVinculo< T >', '203846374'),
(934, 'br::gov::iphan::sicg::negocio::modelos::AcaoMultimidia', '-556267100'),
(935, 'br::gov::iphan::sicg::negocio::modelos::BemImaterialMultimidia', '-291730310'),
(936, 'br::gov::iphan::sicg::negocio::modelos::EscalaCartografica', '1642555414'),
(937, 'br::gov::iphan::sicg::negocio::modelos::InstituicaoContato', '353964683'),
(938, 'br::gov::iphan::sicg::negocio::modelos::MetodoPosicionamento', '569902101'),
(939, 'br::gov::iphan::sicg::negocio::modelos::PeriodoConstrucao', '-175352436'),
(940, 'br::gov::iphan::sicg::negocio::modelos::TipoLevantamentoSitio', '-232163063'),
(941, 'br::gov::iphan::sicg::negocio::modelos::TipoValorImobiliario', '870105091'),
(942, 'br::gov::iphan::sicg::negocio::modelos::ValorImobiliario', '-105500881'),
(943, 'br::gov::iphan::sicg::persistencia::dao::AbrangenciaBemImaterialDAO', '2051247949'),
(944, 'br::gov::iphan::sicg::persistencia::dao::AcaoMultimidiaDAO', '679311313'),
(945, 'br::gov::iphan::sicg::persistencia::dao::BemImaterialMultimidiaDAO', '1198246459'),
(946, 'br::gov::iphan::sicg::persistencia::dao::EscalaDAO', '-2133120697'),
(947, 'br::gov::iphan::sicg::persistencia::dao::impl::AcaoMultimidiaDAOImpl', '928706481'),
(948, 'br::gov::iphan::sicg::persistencia::dao::impl::BemImaterialMultimidiaDAOImpl', '1713495323'),
(949, 'br::gov::iphan::sicg::persistencia::dao::impl::EscalaDAOImpl', '-2036656601'),
(950, 'br::gov::iphan::sicg::persistencia::dao::impl::InstituicaoContatoDAOImpl', '1077091178'),
(951, 'br::gov::iphan::sicg::persistencia::dao::impl::MetodoPosicionamentoDAOImpl', '-996876832'),
(952, 'br::gov::iphan::sicg::persistencia::dao::impl::PeriodoConstrucaoDAOImpl', '-1125929565'),
(953, 'br::gov::iphan::sicg::persistencia::dao::impl::TipoLevantamentoSitioDAOImpl', '-355480314'),
(954, 'br::gov::iphan::sicg::persistencia::dao::impl::TipoValorImobiliarioDAOImpl', '-1722844622'),
(955, 'br::gov::iphan::sicg::persistencia::dao::impl::ValorImobiliarioDAOImpl', '-2085631226'),
(956, 'br::gov::iphan::sicg::persistencia::dao::InstituicaoContatoDAO', '901281802'),
(957, 'br::gov::iphan::sicg::persistencia::dao::MetodoPosicionamentoDAO', '-879891072'),
(958, 'br::gov::iphan::sicg::persistencia::dao::PeriodoConstrucaoDAO', '-964315389'),
(959, 'br::gov::iphan::sicg::persistencia::dao::TipoLevantamentoSitioDAO', '-1362169882'),
(960, 'br::gov::iphan::sicg::persistencia::dao::TipoValorImobiliarioDAO', '345473746'),
(961, 'br::gov::iphan::sicg::persistencia::dao::ValorImobiliarioDAO', '394218918'),
(962, 'br::gov::iphan::sicg::apresentacao::controllers::PesquisaAvancadaBemController', '-631353903'),
(963, 'br::gov::iphan::sicg::apresentacao::controllers::RelatorioBemImovelController', '-1658921946'),
(964, 'br::gov::iphan::sicg::apresentacao::controllers::RelatorioBemMovel', '2124947139'),
(965, 'br::gov::iphan::sicg::negocio::modelos::AutorIntervJardim', '-1484459139'),
(966, 'br::gov::iphan::sicg::negocio::modelos::TipoIntervJardim', '-1389700024'),
(967, 'br::gov::iphan::sicg::negocio::vo::PesquisaAvancadaBemVO', '1332748120'),
(968, 'br::gov::iphan::sicg::persistencia::dao::AutorIntervJardimDAO', '2035910514'),
(969, 'br::gov::iphan::sicg::persistencia::dao::impl::AutorIntervJardimDAOImpl', '1198239378'),
(970, 'br::gov::iphan::sicg::persistencia::dao::impl::TipoIntervJardimDAOImpl', '369876941'),
(971, 'br::gov::iphan::sicg::persistencia::dao::TipoIntervJardimDAO', '-1908744723'),
(972, 'br::gov::iphan::sicg::apresentacao::controllers::HomologacaoController', '-1163001852'),
(973, 'br::gov::iphan::sicg::apresentacao::controllers::RelatorioBemImaterial', '1037666456'),
(974, 'br::gov::iphan::sicg::apresentacao::controllers::relatorios::RelatorioBemController::Line', '-1444102298'),
(975, 'br::gov::iphan::sicg::apresentacao::util::ListaMunicipiosDecorator', '2110456488'),
(976, 'br::gov::iphan::sicg::comum::utils::Coordinate2DFilter', '417407492'),
(977, 'br::gov::iphan::sicg::negocio::validacao::BemImovelCaracterizacaoExternaValidacao', '1792383655'),
(978, 'br::gov::iphan::sicg::negocio::validacao::BemMaterialValidacao', '164729575'),
(979, 'br::gov::iphan::sicg::negocio::validacao::BemMoveisIntegradosValidacao', '993365995'),
(980, 'br::gov::iphan::sicg::negocio::validacao::SitioValidacao', '1195466388'),
(981, 'br::gov::iphan::sicg::apresentacao::controllers::PesquisaAvancadaBemImaterialController', '-2109834825'),
(982, 'br::gov::iphan::sicg::apresentacao::controllers::UploadShapeController', '1027127257'),
(983, 'br::gov::iphan::sicg::apresentacao::servicos::UploadShapeServicos', '1904105292'),
(984, 'br::gov::iphan::sicg::negocio::regras::ProtecaoRegra', '-434805344'),
(985, 'br::gov::iphan::sicg::negocio::vo::PesquisaAvancadaBemImaterialVO', '-456562326'),
(986, 'br::gov::iphan::sicg::negocio::regras::ProtecaoRegraTest', '1808879186');

-- --------------------------------------------------------

--
-- Estrutura para tabela `D_Configuration`
--

CREATE TABLE IF NOT EXISTS `D_Configuration` (
  `idConfiguration` int(11) NOT NULL,
  `configuration_name` varchar(45) DEFAULT NULL,
  `software_reference_name` varchar(45) DEFAULT NULL,
  `language_name` varchar(45) DEFAULT NULL,
  `software_repository_address` varchar(45) DEFAULT NULL,
  PRIMARY KEY (`idConfiguration`)
) ENGINE=InnoDB DEFAULT CHARSET=utf8;

--
-- Fazendo dump de dados para tabela `D_Configuration`
--

INSERT INTO `D_Configuration` (`idConfiguration`, `configuration_name`, `software_reference_name`, `language_name`, `software_repository_address`) VALUES
(1, 'Open JDK8 Metrics', 'Open JDK8', 'java', 'http://hg.openjdk.java.net/jdk8'),
(2, 'Tomcat Metrics', 'Tomcat', 'java', 'git://git.apache.org/tomcat70.git');

-- --------------------------------------------------------

--
-- Estrutura para tabela `D_Metric`
--

CREATE TABLE IF NOT EXISTS `D_Metric` (
  `idMetric` int(11) NOT NULL,
  `metric_abbreviation` varchar(45) DEFAULT NULL,
  `metric_name` varchar(45) DEFAULT NULL,
  `metric_category` varchar(45) DEFAULT NULL,
  PRIMARY KEY (`idMetric`)
) ENGINE=InnoDB DEFAULT CHARSET=utf8;

--
-- Fazendo dump de dados para tabela `D_Metric`
--

INSERT INTO `D_Metric` (`idMetric`, `metric_abbreviation`, `metric_name`, `metric_category`) VALUES
(1, 'LOC', 'Lines of Code', 'Source Code Metric'),
(2, 'ACCM', 'Average Cyclomatic Complexity per Method', 'Source Code Metric'),
(3, 'AMLOC', 'Average Method Lines of Code', 'Source Code Metric'),
(4, 'ACC', 'Afferent Connections per Class', 'Source Code Metric'),
(5, 'ANPM', 'Average Number of Parameters per Method', 'Source Code Metric'),
(6, 'CBO', 'Coupling Between Objects', 'Source Code Metric'),
(7, 'DIT', 'Depth of Inheritance Tree', 'Source Code Metric'),
(8, 'LCOM4', 'Lack of Cohesion in Methods', 'Source Code Metric'),
(9, 'NOC', 'Number of Children', 'Source Code Metric'),
(10, 'NOM', 'Number of Methods', 'Source Code Metric'),
(11, 'NPA', 'Number of Public Attributes', 'Source Code Metric'),
(12, 'RFC', 'Response for Class', 'Source Code Metric');

-- --------------------------------------------------------

--
-- Estrutura para tabela `D_Project`
--

CREATE TABLE IF NOT EXISTS `D_Project` (
  `idProject` int(11) NOT NULL AUTO_INCREMENT,
  `project_abbreviation` varchar(45) DEFAULT NULL,
  `project_name` varchar(45) DEFAULT NULL,
  `project_language` varchar(45) DEFAULT NULL,
  `organization_owner` varchar(45) DEFAULT NULL,
  PRIMARY KEY (`idProject`)
) ENGINE=InnoDB  DEFAULT CHARSET=utf8 AUTO_INCREMENT=2 ;

--
-- Fazendo dump de dados para tabela `D_Project`
--

INSERT INTO `D_Project` (`idProject`, `project_abbreviation`, `project_name`, `project_language`, `organization_owner`) VALUES
(1, 'sicg', 'Sistema Integrado de Controle e Gestão', 'java', 'IPHAN');

-- --------------------------------------------------------

--
-- Estrutura para tabela `D_Quality`
--

CREATE TABLE IF NOT EXISTS `D_Quality` (
  `idQuality` int(11) NOT NULL,
  `quality_index` varchar(45) DEFAULT NULL,
  PRIMARY KEY (`idQuality`)
) ENGINE=InnoDB DEFAULT CHARSET=utf8;

--
-- Fazendo dump de dados para tabela `D_Quality`
--

INSERT INTO `D_Quality` (`idQuality`, `quality_index`) VALUES
(1, 'Excelente'),
(2, 'Bom'),
(3, 'Regular'),
(4, 'Ruim');

-- --------------------------------------------------------

--
-- Estrutura para tabela `D_Release`
--

CREATE TABLE IF NOT EXISTS `D_Release` (
  `idRelease` int(11) NOT NULL,
  `release_name` varchar(45) DEFAULT NULL,
  `release_number` int(11) DEFAULT NULL,
  PRIMARY KEY (`idRelease`)
) ENGINE=InnoDB DEFAULT CHARSET=utf8;

--
-- Fazendo dump de dados para tabela `D_Release`
--

INSERT INTO `D_Release` (`idRelease`, `release_name`, `release_number`) VALUES
(1, 'OS02', 2),
(2, 'OS04', 4),
(3, 'OS05', 5),
(4, 'OS07', 7),
(5, 'OS08', 8),
(6, 'OS09', 9),
(7, 'OS10', 10),
(8, 'OS11', 11),
(9, 'OS12', 12),
(10, 'OS13', 13),
(11, 'OS14', 14),
(12, 'OS16', 16),
(13, 'OS17', 17),
(14, 'OS19', 19),
(15, 'OS20', 20),
(16, 'OS21', 21),
(17, 'OS22', 22),
(18, 'OS23', 23),
(19, 'OS24', 24);

-- --------------------------------------------------------

--
-- Estrutura para tabela `D_Scenario_Clean_Code`
--

CREATE TABLE IF NOT EXISTS `D_Scenario_Clean_Code` (
  `idScenario` int(11) NOT NULL,
  `name` varchar(45) DEFAULT NULL,
  `recomendations` varchar(200) DEFAULT NULL,
  PRIMARY KEY (`idScenario`)
) ENGINE=InnoDB DEFAULT CHARSET=utf8;

--
-- Fazendo dump de dados para tabela `D_Scenario_Clean_Code`
--

INSERT INTO `source_info`.`D_Scenario_Clean_Code` (`idScenario`, `name`, `recomendations`) VALUES (1, 'Classe Pouco Coesa', 'Reduzir a Subdivisão da Classe');
INSERT INTO `source_info`.`D_Scenario_Clean_Code` (`idScenario`, `name`, `recomendations`) VALUES (2, 'Interface dos Métodos', 'Minimizar o número de parâmetros');
INSERT INTO `source_info`.`D_Scenario_Clean_Code` (`idScenario`, `name`, `recomendations`) VALUES (3, 'Classes com muitos filhos', 'Trocar Herança por Agregação');
INSERT INTO `source_info`.`D_Scenario_Clean_Code` (`idScenario`, `name`, `recomendations`) VALUES (4, 'Classe com métodos grandes e/ou muitos condicionais', 'Quebrar os Métodos');
INSERT INTO `source_info`.`D_Scenario_Clean_Code` (`idScenario`, `name`, `recomendations`) VALUES (5, 'Classe com muita Exposição ', 'Reduzir o número de pârametros públicos');
INSERT INTO `source_info`.`D_Scenario_Clean_Code` (`idScenario`, `name`, `recomendations`) VALUES (6, 'Complexidade Estrutural', 'Reduzir a quantidade de responsabilidades da Classe');

-- --------------------------------------------------------

--
-- Estrutura para tabela `D_Time`
--

CREATE TABLE IF NOT EXISTS `D_Time` (
  `idTime` int(11) NOT NULL,
  `Month` decimal(10,0) DEFAULT NULL,
  `Year` decimal(10,0) DEFAULT NULL,
  PRIMARY KEY (`idTime`)
) ENGINE=InnoDB DEFAULT CHARSET=utf8;

--
-- Fazendo dump de dados para tabela `D_Time`
--

INSERT INTO `D_Time` (`idTime`, `Month`, `Year`) VALUES
(1, '4', '2012'),
(2, '6', '2012'),
(3, '7', '2012'),
(4, '9', '2012'),
(5, '10', '2012'),
(6, '11', '2012'),
(7, '12', '2012'),
(8, '1', '2013'),
(9, '2', '2013'),
(10, '3', '2013'),
(11, '4', '2013'),
(12, '6', '2013'),
(13, '7', '2013'),
(14, '9', '2013'),
(15, '10', '2013'),
(16, '11', '2013'),
(17, '12', '2013'),
(18, '1', '2014'),
(19, '2', '2014');

-- --------------------------------------------------------

--
-- Estrutura para tabela `F_Project_Metric`
--

CREATE TABLE IF NOT EXISTS `F_Project_Metric` (
  `idQuality` int(11) NOT NULL AUTO_INCREMENT,
  `percentil_value` double DEFAULT NULL,
  `D_Project_idProject` int(11) NOT NULL,
  `D_Metric_idMetric` int(11) NOT NULL,
  `D_Quality_idQuality` int(11) NOT NULL,
  `D_Configuration_idConfiguration` int(11) NOT NULL,
  `D_Release_idRelease` int(11) NOT NULL,
  `D_Time_idTime` int(11) NOT NULL,
  PRIMARY KEY (`idQuality`),
  KEY `fk_F_Project_Metric_D_Quality1_idx` (`D_Quality_idQuality`),
  KEY `fk_F_Project_Metric_D_Project1_idx` (`D_Project_idProject`),
  KEY `fk_F_Project_Metric_D_Configuration1_idx` (`D_Configuration_idConfiguration`),
  KEY `fk_F_Project_Metric_D_Release1_idx` (`D_Release_idRelease`),
  KEY `fk_F_Project_Metric_D_Time1_idx` (`D_Time_idTime`),
  KEY `fk_F_Project_Metric_D_Metric1_idx` (`D_Metric_idMetric`)
) ENGINE=InnoDB  DEFAULT CHARSET=utf8 AUTO_INCREMENT=457 ;

--
-- Fazendo dump de dados para tabela `F_Project_Metric`
--

INSERT INTO `F_Project_Metric` (`idQuality`, `percentil_value`, `D_Project_idProject`, `D_Metric_idMetric`, `D_Quality_idQuality`, `D_Configuration_idConfiguration`, `D_Release_idRelease`, `D_Time_idTime`) VALUES
(1, 22, 1, 1, 1, 1, 1, 1),
(2, 22, 1, 1, 1, 2, 1, 1),
(3, 1.4, 1, 2, 1, 1, 1, 1),
(4, 1.4, 1, 2, 1, 2, 1, 1),
(5, 4.3, 1, 3, 1, 1, 1, 1),
(6, 4.3, 1, 3, 1, 2, 1, 1),
(7, 3, 1, 4, 2, 1, 1, 1),
(8, 3, 1, 4, 2, 2, 1, 1),
(9, 1, 1, 5, 1, 1, 1, 1),
(10, 1, 1, 5, 1, 2, 1, 1),
(11, 28, 1, 6, 4, 1, 1, 1),
(12, 28, 1, 6, 4, 2, 1, 1),
(13, 1, 1, 7, 1, 1, 1, 1),
(14, 1, 1, 7, 1, 2, 1, 1),
(15, 7, 1, 8, 2, 1, 1, 1),
(16, 7, 1, 8, 2, 2, 1, 1),
(17, 1, 1, 9, 2, 1, 1, 1),
(18, 1, 1, 9, 2, 2, 1, 1),
(19, 9, 1, 10, 2, 1, 1, 1),
(20, 9, 1, 10, 1, 2, 1, 1),
(21, 0, 1, 11, 1, 1, 1, 1),
(22, 0, 1, 11, 1, 2, 1, 1),
(23, 20, 1, 12, 2, 1, 1, 1),
(24, 20, 1, 12, 2, 2, 1, 1),
(25, 24, 1, 1, 1, 1, 2, 2),
(26, 24, 1, 1, 1, 2, 2, 2),
(27, 1.3, 1, 2, 1, 1, 2, 2),
(28, 1.3, 1, 2, 1, 2, 2, 2),
(29, 3.2, 1, 3, 1, 1, 2, 2),
(30, 3.2, 1, 3, 1, 2, 2, 2),
(31, 3.5, 1, 4, 2, 1, 2, 2),
(32, 3.5, 1, 4, 2, 2, 2, 2),
(33, 1, 1, 5, 1, 1, 2, 2),
(34, 1, 1, 5, 1, 2, 2, 2),
(35, 49, 1, 6, 4, 1, 2, 2),
(36, 49, 1, 6, 4, 2, 2, 2),
(37, 1, 1, 7, 1, 1, 2, 2),
(38, 1, 1, 7, 1, 2, 2, 2),
(39, 8, 1, 8, 3, 1, 2, 2),
(40, 8, 1, 8, 3, 2, 2, 2),
(41, 1, 1, 9, 2, 1, 2, 2),
(42, 1, 1, 9, 2, 2, 2, 2),
(43, 9, 1, 10, 2, 1, 2, 2),
(44, 9, 1, 10, 1, 2, 2, 2),
(45, 0, 1, 11, 1, 1, 2, 2),
(46, 0, 1, 11, 1, 2, 2, 2),
(47, 20, 1, 12, 2, 1, 2, 2),
(48, 20, 1, 12, 2, 2, 2, 2),
(49, 21, 1, 1, 1, 1, 3, 3),
(50, 21, 1, 1, 1, 2, 3, 3),
(51, 1.3, 1, 2, 1, 1, 3, 3),
(52, 1.3, 1, 2, 1, 2, 3, 3),
(53, 3.2, 1, 3, 1, 1, 3, 3),
(54, 3.2, 1, 3, 1, 2, 3, 3),
(55, 4, 1, 4, 2, 1, 3, 3),
(56, 4, 1, 4, 2, 2, 3, 3),
(57, 1, 1, 5, 1, 1, 3, 3),
(58, 1, 1, 5, 1, 2, 3, 3),
(59, 61, 1, 6, 4, 1, 3, 3),
(60, 61, 1, 6, 4, 2, 3, 3),
(61, 1, 1, 7, 1, 1, 3, 3),
(62, 1, 1, 7, 1, 2, 3, 3),
(63, 8, 1, 8, 3, 1, 3, 3),
(64, 8, 1, 8, 3, 2, 3, 3),
(65, 1, 1, 9, 2, 1, 3, 3),
(66, 1, 1, 9, 2, 2, 3, 3),
(67, 9, 1, 10, 2, 1, 3, 3),
(68, 9, 1, 10, 1, 2, 3, 3),
(69, 0, 1, 11, 1, 1, 3, 3),
(70, 0, 1, 11, 1, 2, 3, 3),
(71, 19, 1, 12, 2, 1, 3, 3),
(72, 19, 1, 12, 2, 2, 3, 3),
(73, 19, 1, 1, 1, 1, 4, 4),
(74, 19, 1, 1, 1, 2, 4, 4),
(75, 1.2, 1, 2, 1, 1, 4, 4),
(76, 1.2, 1, 2, 1, 2, 4, 4),
(77, 3, 1, 3, 1, 1, 4, 4),
(78, 3, 1, 3, 1, 2, 4, 4),
(79, 3, 1, 4, 2, 1, 4, 4),
(80, 3, 1, 4, 2, 2, 4, 4),
(81, 0.9, 1, 5, 1, 1, 4, 4),
(82, 0.9, 1, 5, 1, 2, 4, 4),
(83, 118, 1, 6, 4, 1, 4, 4),
(84, 118, 1, 6, 4, 2, 4, 4),
(85, 1, 1, 7, 1, 1, 4, 4),
(86, 1, 1, 7, 1, 2, 4, 4),
(87, 8, 1, 8, 3, 1, 4, 4),
(88, 8, 1, 8, 3, 2, 4, 4),
(89, 1, 1, 9, 2, 1, 4, 4),
(90, 1, 1, 9, 2, 2, 4, 4),
(91, 9, 1, 10, 2, 1, 4, 4),
(92, 9, 1, 10, 1, 2, 4, 4),
(93, 0, 1, 11, 1, 1, 4, 4),
(94, 0, 1, 11, 1, 2, 4, 4),
(95, 18, 1, 12, 2, 1, 4, 4),
(96, 18, 1, 12, 2, 2, 4, 4),
(97, 19, 1, 1, 1, 1, 5, 5),
(98, 19, 1, 1, 1, 2, 5, 5),
(99, 1.3, 1, 2, 1, 1, 5, 5),
(100, 1.3, 1, 2, 1, 2, 5, 5),
(101, 3, 1, 3, 1, 1, 5, 5),
(102, 3, 1, 3, 1, 2, 5, 5),
(103, 3, 1, 4, 2, 1, 5, 5),
(104, 3, 1, 4, 2, 2, 5, 5),
(105, 0.9, 1, 5, 1, 1, 5, 5),
(106, 0.9, 1, 5, 1, 2, 5, 5),
(107, 155, 1, 6, 4, 1, 5, 5),
(108, 155, 1, 6, 4, 2, 5, 5),
(109, 1, 1, 7, 1, 1, 5, 5),
(110, 1, 1, 7, 1, 2, 5, 5),
(111, 8, 1, 8, 3, 1, 5, 5),
(112, 8, 1, 8, 3, 2, 5, 5),
(113, 1, 1, 9, 2, 1, 5, 5),
(114, 1, 1, 9, 2, 2, 5, 5),
(115, 9, 1, 10, 2, 1, 5, 5),
(116, 9, 1, 10, 1, 2, 5, 5),
(117, 0, 1, 11, 1, 1, 5, 5),
(118, 0, 1, 11, 1, 2, 5, 5),
(119, 15, 1, 12, 2, 1, 5, 5),
(120, 15, 1, 12, 2, 2, 5, 5),
(121, 19, 1, 1, 1, 1, 6, 6),
(122, 19, 1, 1, 1, 2, 6, 6),
(123, 1.3, 1, 2, 1, 1, 6, 6),
(124, 1.3, 1, 2, 1, 2, 6, 6),
(125, 3, 1, 3, 1, 1, 6, 6),
(126, 3, 1, 3, 1, 2, 6, 6),
(127, 3, 1, 4, 2, 1, 6, 6),
(128, 3, 1, 4, 2, 2, 6, 6),
(129, 0.9, 1, 5, 1, 1, 6, 6),
(130, 0.9, 1, 5, 1, 2, 6, 6),
(131, 158, 1, 6, 4, 1, 6, 6),
(132, 158, 1, 6, 4, 2, 6, 6),
(133, 1, 1, 7, 1, 1, 6, 6),
(134, 1, 1, 7, 1, 2, 6, 6),
(135, 8, 1, 8, 3, 1, 6, 6),
(136, 8, 1, 8, 3, 2, 6, 6),
(137, 1, 1, 9, 2, 1, 6, 6),
(138, 1, 1, 9, 2, 2, 6, 6),
(139, 9, 1, 10, 2, 1, 6, 6),
(140, 9, 1, 10, 1, 2, 6, 6),
(141, 0, 1, 11, 1, 1, 6, 6),
(142, 0, 1, 11, 1, 2, 6, 6),
(143, 15, 1, 12, 2, 1, 6, 6),
(144, 15, 1, 12, 2, 2, 6, 6),
(145, 19, 1, 1, 1, 1, 7, 7),
(146, 19, 1, 1, 1, 2, 7, 7),
(147, 1.3, 1, 2, 1, 1, 7, 7),
(148, 1.3, 1, 2, 1, 2, 7, 7),
(149, 3, 1, 3, 1, 1, 7, 7),
(150, 3, 1, 3, 1, 2, 7, 7),
(151, 3, 1, 4, 2, 1, 7, 7),
(152, 3, 1, 4, 2, 2, 7, 7),
(153, 1, 1, 5, 1, 1, 7, 7),
(154, 1, 1, 5, 1, 2, 7, 7),
(155, 188, 1, 6, 4, 1, 7, 7),
(156, 188, 1, 6, 4, 2, 7, 7),
(157, 1, 1, 7, 1, 1, 7, 7),
(158, 1, 1, 7, 1, 2, 7, 7),
(159, 8, 1, 8, 3, 1, 7, 7),
(160, 8, 1, 8, 3, 2, 7, 7),
(161, 1, 1, 9, 2, 1, 7, 7),
(162, 1, 1, 9, 2, 2, 7, 7),
(163, 9, 1, 10, 2, 1, 7, 7),
(164, 9, 1, 10, 1, 2, 7, 7),
(165, 0, 1, 11, 1, 1, 7, 7),
(166, 0, 1, 11, 1, 2, 7, 7),
(167, 16, 1, 12, 2, 1, 7, 7),
(168, 16, 1, 12, 2, 2, 7, 7),
(169, 21, 1, 1, 1, 1, 8, 8),
(170, 21, 1, 1, 1, 2, 8, 8),
(171, 1.3, 1, 2, 1, 1, 8, 8),
(172, 1.3, 1, 2, 1, 2, 8, 8),
(173, 3, 1, 3, 1, 1, 8, 8),
(174, 3, 1, 3, 1, 2, 8, 8),
(175, 2, 1, 4, 2, 1, 8, 8),
(176, 2, 1, 4, 2, 2, 8, 8),
(177, 0.9, 1, 5, 1, 1, 8, 8),
(178, 0.9, 1, 5, 1, 2, 8, 8),
(179, 218, 1, 6, 4, 1, 8, 8),
(180, 218, 1, 6, 4, 2, 8, 8),
(181, 1, 1, 7, 1, 1, 8, 8),
(182, 1, 1, 7, 1, 2, 8, 8),
(183, 8, 1, 8, 3, 1, 8, 8),
(184, 8, 1, 8, 3, 2, 8, 8),
(185, 1, 1, 9, 2, 1, 8, 8),
(186, 1, 1, 9, 2, 2, 8, 8),
(187, 9, 1, 10, 2, 1, 8, 8),
(188, 9, 1, 10, 1, 2, 8, 8),
(189, 0, 1, 11, 1, 1, 8, 8),
(190, 0, 1, 11, 1, 2, 8, 8),
(191, 16, 1, 12, 2, 1, 8, 8),
(192, 16, 1, 12, 2, 2, 8, 8),
(193, 19, 1, 1, 1, 1, 9, 9),
(194, 19, 1, 1, 1, 2, 9, 9),
(195, 1.3, 1, 2, 1, 1, 9, 9),
(196, 1.3, 1, 2, 1, 2, 9, 9),
(197, 3, 1, 3, 1, 1, 9, 9),
(198, 3, 1, 3, 1, 2, 9, 9),
(199, 3, 1, 4, 2, 1, 9, 9),
(200, 3, 1, 4, 2, 2, 9, 9),
(201, 0.9, 1, 5, 1, 1, 9, 9),
(202, 0.9, 1, 5, 1, 2, 9, 9),
(203, 256, 1, 6, 4, 1, 9, 9),
(204, 256, 1, 6, 4, 2, 9, 9),
(205, 1, 1, 7, 1, 1, 9, 9),
(206, 1, 1, 7, 1, 2, 9, 9),
(207, 8, 1, 8, 3, 1, 9, 9),
(208, 8, 1, 8, 3, 2, 9, 9),
(209, 1, 1, 9, 2, 1, 9, 9),
(210, 1, 1, 9, 2, 2, 9, 9),
(211, 8, 1, 10, 1, 1, 9, 9),
(212, 8, 1, 10, 1, 2, 9, 9),
(213, 0, 1, 11, 1, 1, 9, 9),
(214, 0, 1, 11, 1, 2, 9, 9),
(215, 15, 1, 12, 2, 1, 9, 9),
(216, 15, 1, 12, 2, 2, 9, 9),
(217, 20, 1, 1, 1, 1, 10, 10),
(218, 20, 1, 1, 1, 2, 10, 10),
(219, 1.4, 1, 2, 1, 1, 10, 10),
(220, 1.4, 1, 2, 1, 2, 10, 10),
(221, 3, 1, 3, 1, 1, 10, 10),
(222, 3, 1, 3, 1, 2, 10, 10),
(223, 2.5, 1, 4, 2, 1, 10, 10),
(224, 2.5, 1, 4, 2, 2, 10, 10),
(225, 1, 1, 5, 1, 1, 10, 10),
(226, 1, 1, 5, 1, 2, 10, 10),
(227, 267, 1, 6, 4, 1, 10, 10),
(228, 267, 1, 6, 4, 2, 10, 10),
(229, 1, 1, 7, 1, 1, 10, 10),
(230, 1, 1, 7, 1, 2, 10, 10),
(231, 8, 1, 8, 3, 1, 10, 10),
(232, 8, 1, 8, 3, 2, 10, 10),
(233, 1, 1, 9, 2, 1, 10, 10),
(234, 1, 1, 9, 2, 2, 10, 10),
(235, 8, 1, 10, 1, 1, 10, 10),
(236, 8, 1, 10, 1, 2, 10, 10),
(237, 0, 1, 11, 1, 1, 10, 10),
(238, 0, 1, 11, 1, 2, 10, 10),
(239, 15, 1, 12, 2, 1, 10, 10),
(240, 15, 1, 12, 2, 2, 10, 10),
(241, 19, 1, 1, 1, 1, 11, 11),
(242, 19, 1, 1, 1, 2, 11, 11),
(243, 1.4, 1, 2, 1, 1, 11, 11),
(244, 1.4, 1, 2, 1, 2, 11, 11),
(245, 3, 1, 3, 1, 1, 11, 11),
(246, 3, 1, 3, 1, 2, 11, 11),
(247, 2, 1, 4, 2, 1, 11, 11),
(248, 2, 1, 4, 2, 2, 11, 11),
(249, 1, 1, 5, 1, 1, 11, 11),
(250, 1, 1, 5, 1, 2, 11, 11),
(251, 279, 1, 6, 4, 1, 11, 11),
(252, 279, 1, 6, 4, 2, 11, 11),
(253, 1, 1, 7, 1, 1, 11, 11),
(254, 1, 1, 7, 1, 2, 11, 11),
(255, 8, 1, 8, 3, 1, 11, 11),
(256, 8, 1, 8, 3, 2, 11, 11),
(257, 1, 1, 9, 2, 1, 11, 11),
(258, 1, 1, 9, 2, 2, 11, 11),
(259, 8, 1, 10, 1, 1, 11, 11),
(260, 8, 1, 10, 1, 2, 11, 11),
(261, 0, 1, 11, 1, 1, 11, 11),
(262, 0, 1, 11, 1, 2, 11, 11),
(263, 15, 1, 12, 2, 1, 11, 11),
(264, 15, 1, 12, 2, 2, 11, 11),
(265, 18, 1, 1, 1, 1, 12, 12),
(266, 18, 1, 1, 1, 2, 12, 12),
(267, 1.2, 1, 2, 1, 1, 12, 12),
(268, 1.2, 1, 2, 1, 2, 12, 12),
(269, 3, 1, 3, 1, 1, 12, 12),
(270, 3, 1, 3, 1, 2, 12, 12),
(271, 2, 1, 4, 2, 1, 12, 12),
(272, 2, 1, 4, 2, 2, 12, 12),
(273, 0.9, 1, 5, 1, 1, 12, 12),
(274, 0.9, 1, 5, 1, 2, 12, 12),
(275, 327, 1, 6, 4, 1, 12, 12),
(276, 327, 1, 6, 4, 2, 12, 12),
(277, 1, 1, 7, 1, 1, 12, 12),
(278, 1, 1, 7, 1, 2, 12, 12),
(279, 8, 1, 8, 3, 1, 12, 12),
(280, 8, 1, 8, 3, 2, 12, 12),
(281, 1, 1, 9, 2, 1, 12, 12),
(282, 1, 1, 9, 2, 2, 12, 12),
(283, 8, 1, 10, 1, 1, 12, 12),
(284, 8, 1, 10, 1, 2, 12, 12),
(285, 0, 1, 11, 1, 1, 12, 12),
(286, 0, 1, 11, 1, 2, 12, 12),
(287, 13, 1, 12, 2, 1, 12, 12),
(288, 13, 1, 12, 2, 2, 12, 12),
(289, 18, 1, 1, 1, 1, 13, 13),
(290, 18, 1, 1, 1, 2, 13, 13),
(291, 1.2, 1, 2, 1, 1, 13, 13),
(292, 1.2, 1, 2, 1, 2, 13, 13),
(293, 3, 1, 3, 1, 1, 13, 13),
(294, 3, 1, 3, 1, 2, 13, 13),
(295, 2, 1, 4, 2, 1, 13, 13),
(296, 2, 1, 4, 2, 2, 13, 13),
(297, 0.9, 1, 5, 1, 1, 13, 13),
(298, 0.9, 1, 5, 1, 2, 13, 13),
(299, 333, 1, 6, 4, 1, 13, 13),
(300, 333, 1, 6, 4, 2, 13, 13),
(301, 1, 1, 7, 1, 1, 13, 13),
(302, 1, 1, 7, 1, 2, 13, 13),
(303, 8, 1, 8, 3, 1, 13, 13),
(304, 8, 1, 8, 3, 2, 13, 13),
(305, 1, 1, 9, 2, 1, 13, 13),
(306, 1, 1, 9, 2, 2, 13, 13),
(307, 8, 1, 10, 1, 1, 13, 13),
(308, 8, 1, 10, 1, 2, 13, 13),
(309, 0, 1, 11, 1, 1, 13, 13),
(310, 0, 1, 11, 1, 2, 13, 13),
(311, 13, 1, 12, 2, 1, 13, 13),
(312, 13, 1, 12, 2, 2, 13, 13),
(313, 18, 1, 1, 1, 1, 14, 14),
(314, 18, 1, 1, 1, 2, 14, 14),
(315, 1.2, 1, 2, 1, 1, 14, 14),
(316, 1.2, 1, 2, 1, 2, 14, 14),
(317, 3, 1, 3, 1, 1, 14, 14),
(318, 3, 1, 3, 1, 2, 14, 14),
(319, 2, 1, 4, 2, 1, 14, 14),
(320, 2, 1, 4, 2, 2, 14, 14),
(321, 0.9, 1, 5, 1, 1, 14, 14),
(322, 0.9, 1, 5, 1, 2, 14, 14),
(323, 347, 1, 6, 4, 1, 14, 14),
(324, 347, 1, 6, 4, 2, 14, 14),
(325, 1, 1, 7, 1, 1, 14, 14),
(326, 1, 1, 7, 1, 2, 14, 14),
(327, 8, 1, 8, 3, 1, 14, 14),
(328, 8, 1, 8, 3, 2, 14, 14),
(329, 1, 1, 9, 2, 1, 14, 14),
(330, 1, 1, 9, 2, 2, 14, 14),
(331, 8, 1, 10, 1, 1, 14, 14),
(332, 8, 1, 10, 1, 2, 14, 14),
(333, 0, 1, 11, 1, 1, 14, 14),
(334, 0, 1, 11, 1, 2, 14, 14),
(335, 13, 1, 12, 2, 1, 14, 14),
(336, 13, 1, 12, 2, 2, 14, 14),
(337, 13, 1, 1, 1, 1, 15, 15),
(338, 13, 1, 1, 1, 2, 15, 15),
(339, 1.2, 1, 2, 1, 1, 15, 15),
(340, 1.2, 1, 2, 1, 2, 15, 15),
(341, 3, 1, 3, 1, 1, 15, 15),
(342, 3, 1, 3, 1, 2, 15, 15),
(343, 2, 1, 4, 2, 1, 15, 15),
(344, 2, 1, 4, 2, 2, 15, 15),
(345, 0.8, 1, 5, 1, 1, 15, 15),
(346, 0.8, 1, 5, 1, 2, 15, 15),
(347, 357, 1, 6, 4, 1, 15, 15),
(348, 357, 1, 6, 4, 2, 15, 15),
(349, 1, 1, 7, 1, 1, 15, 15),
(350, 1, 1, 7, 1, 2, 15, 15),
(351, 8, 1, 8, 3, 1, 15, 15),
(352, 8, 1, 8, 3, 2, 15, 15),
(353, 1, 1, 9, 2, 1, 15, 15),
(354, 1, 1, 9, 2, 2, 15, 15),
(355, 8, 1, 10, 1, 1, 15, 15),
(356, 8, 1, 10, 1, 2, 15, 15),
(357, 0, 1, 11, 1, 1, 15, 15),
(358, 0, 1, 11, 1, 2, 15, 15),
(359, 12, 1, 12, 2, 1, 15, 15),
(360, 12, 1, 12, 2, 2, 15, 15),
(361, 13, 1, 1, 1, 1, 16, 16),
(362, 13, 1, 1, 1, 2, 16, 16),
(363, 1.2, 1, 2, 1, 1, 16, 16),
(364, 1.2, 1, 2, 1, 2, 16, 16),
(365, 3, 1, 3, 1, 1, 16, 16),
(366, 3, 1, 3, 1, 2, 16, 16),
(367, 2, 1, 4, 2, 1, 16, 16),
(368, 2, 1, 4, 2, 2, 16, 16),
(369, 0.9, 1, 5, 1, 1, 16, 16),
(370, 0.9, 1, 5, 1, 2, 16, 16),
(371, 364, 1, 6, 4, 1, 16, 16),
(372, 364, 1, 6, 4, 2, 16, 16),
(373, 1, 1, 7, 1, 1, 16, 16),
(374, 1, 1, 7, 1, 2, 16, 16),
(375, 8, 1, 8, 3, 1, 16, 16),
(376, 8, 1, 8, 3, 2, 16, 16),
(377, 1, 1, 9, 2, 1, 16, 16),
(378, 1, 1, 9, 2, 2, 16, 16),
(379, 8, 1, 10, 1, 1, 16, 16),
(380, 8, 1, 10, 1, 2, 16, 16),
(381, 0, 1, 11, 1, 1, 16, 16),
(382, 0, 1, 11, 1, 2, 16, 16),
(383, 12, 1, 12, 2, 1, 16, 16),
(384, 12, 1, 12, 2, 2, 16, 16),
(385, 13, 1, 1, 1, 1, 17, 17),
(386, 13, 1, 1, 1, 2, 17, 17),
(387, 1.2, 1, 2, 1, 1, 17, 17),
(388, 1.2, 1, 2, 1, 2, 17, 17),
(389, 3, 1, 3, 1, 1, 17, 17),
(390, 3, 1, 3, 1, 2, 17, 17),
(391, 2, 1, 4, 2, 1, 17, 17),
(392, 2, 1, 4, 2, 2, 17, 17),
(393, 0.9, 1, 5, 1, 1, 17, 17),
(394, 0.9, 1, 5, 1, 2, 17, 17),
(395, 366, 1, 6, 4, 1, 17, 17),
(396, 366, 1, 6, 4, 2, 17, 17),
(397, 1, 1, 7, 1, 1, 17, 17),
(398, 1, 1, 7, 1, 2, 17, 17),
(399, 8, 1, 8, 3, 1, 17, 17),
(400, 8, 1, 8, 3, 2, 17, 17),
(401, 1, 1, 9, 2, 1, 17, 17),
(402, 1, 1, 9, 2, 2, 17, 17),
(403, 8, 1, 10, 1, 1, 17, 17),
(404, 8, 1, 10, 1, 2, 17, 17),
(405, 0, 1, 11, 1, 1, 17, 17),
(406, 0, 1, 11, 1, 2, 17, 17),
(407, 13, 1, 12, 2, 1, 17, 17),
(408, 13, 1, 12, 2, 2, 17, 17),
(409, 13, 1, 1, 1, 1, 18, 18),
(410, 13, 1, 1, 1, 2, 18, 18),
(411, 1.2, 1, 2, 1, 1, 18, 18),
(412, 1.2, 1, 2, 1, 2, 18, 18),
(413, 3, 1, 3, 1, 1, 18, 18),
(414, 3, 1, 3, 1, 2, 18, 18),
(415, 2, 1, 4, 2, 1, 18, 18),
(416, 2, 1, 4, 2, 2, 18, 18),
(417, 0.9, 1, 5, 1, 1, 18, 18),
(418, 0.9, 1, 5, 1, 2, 18, 18),
(419, 366, 1, 6, 4, 1, 18, 18),
(420, 366, 1, 6, 4, 2, 18, 18),
(421, 1, 1, 7, 1, 1, 18, 18),
(422, 1, 1, 7, 1, 2, 18, 18),
(423, 8, 1, 8, 3, 1, 18, 18),
(424, 8, 1, 8, 3, 2, 18, 18),
(425, 1, 1, 9, 2, 1, 18, 18),
(426, 1, 1, 9, 2, 2, 18, 18),
(427, 8, 1, 10, 1, 1, 18, 18),
(428, 8, 1, 10, 1, 2, 18, 18),
(429, 0, 1, 11, 1, 1, 18, 18),
(430, 0, 1, 11, 1, 2, 18, 18),
(431, 13, 1, 12, 2, 1, 18, 18),
(432, 13, 1, 12, 2, 2, 18, 18),
(433, 14, 1, 1, 1, 1, 19, 19),
(434, 14, 1, 1, 1, 2, 19, 19),
(435, 1.2, 1, 2, 1, 1, 19, 19),
(436, 1.2, 1, 2, 1, 2, 19, 19),
(437, 3, 1, 3, 1, 1, 19, 19),
(438, 3, 1, 3, 1, 2, 19, 19),
(439, 2, 1, 4, 2, 1, 19, 19),
(440, 2, 1, 4, 2, 2, 19, 19),
(441, 0.9, 1, 5, 1, 1, 19, 19),
(442, 0.9, 1, 5, 1, 2, 19, 19),
(443, 372, 1, 6, 4, 1, 19, 19),
(444, 372, 1, 6, 4, 2, 19, 19),
(445, 1, 1, 7, 1, 1, 19, 19),
(446, 1, 1, 7, 1, 2, 19, 19),
(447, 8, 1, 8, 3, 1, 19, 19),
(448, 8, 1, 8, 3, 2, 19, 19),
(449, 1, 1, 9, 2, 1, 19, 19),
(450, 1, 1, 9, 2, 2, 19, 19),
(451, 8, 1, 10, 1, 1, 19, 19),
(452, 8, 1, 10, 1, 2, 19, 19),
(453, 0, 1, 11, 1, 1, 19, 19),
(454, 0, 1, 11, 1, 2, 19, 19),
(455, 13, 1, 12, 2, 1, 19, 19),
(456, 13, 1, 12, 2, 2, 19, 19);

-- --------------------------------------------------------

--
-- Estrutura para tabela `F_Rate_Scenario`
--

CREATE TABLE IF NOT EXISTS `F_Rate_Scenario` (
  `idRateScenario` int(11) NOT NULL AUTO_INCREMENT,
  `RateScenario` double DEFAULT NULL,
  `numberOfClasses` int(11) DEFAULT NULL,
  `Quantiy_Scenarios` double DEFAULT NULL,
  `D_Project_idProject` int(11) NOT NULL,
  `D_Release_idRelease` int(11) NOT NULL,
  PRIMARY KEY (`idRateScenario`),
  UNIQUE KEY `fk_F_Rate_Scenario_D_Release1_idx` (`D_Release_idRelease`),
  KEY `fk_F_Rate_Scenario_D_Project1_idx` (`D_Project_idProject`)
) ENGINE=InnoDB  DEFAULT CHARSET=utf8 AUTO_INCREMENT=10437 ;

--
-- Fazendo dump de dados para tabela `F_Rate_Scenario`
--

INSERT INTO `F_Rate_Scenario` (`idRateScenario`, `RateScenario`, `numberOfClasses`, `Quantiy_Scenarios`, `D_Project_idProject`, `D_Release_idRelease`) VALUES
(69, 0.391304347, 69, 27, 1, 1),
(173, 0.4992, 104, 52, 1, 2),
(298, 0.48, 125, 60, 1, 3),
(520, 0.423423423, 222, 94, 1, 4),
(814, 0.445578231, 294, 131, 1, 5),
(1114, 0.46, 300, 138, 1, 6),
(1474, 0.480555555, 360, 173, 1, 7),
(1948, 0.497890295, 474, 236, 1, 8),
(2480, 0.477443609, 532, 254, 1, 9),
(3048, 0.487676056, 568, 277, 1, 10),
(3661, 0.473083197, 613, 290, 1, 11),
(4391, 0.450684931, 730, 329, 1, 12),
(5160, 0.45123537, 769, 347, 1, 13),
(5965, 0.450931677, 805, 363, 1, 14),
(6826, 0.43786295, 861, 377, 1, 15),
(7715, 0.437570303, 889, 389, 1, 16),
(8614, 0.438264738, 899, 394,1, 17),
(9522, 0.435022026, 908, 395,1, 18),
(10436, 0.434354485, 914, 397,1, 19);

-- --------------------------------------------------------

--
-- Estrutura para tabela `F_Scenario_Class`
--

CREATE TABLE IF NOT EXISTS `F_Scenario_Class` (
  `idScenarioFact` int(11) NOT NULL AUTO_INCREMENT,
  `quantity_Scenario` int(11) DEFAULT NULL,
  `D_Scenario_Clean_Code_idScenario` int(11) NOT NULL,
  `D_Project_idProject` int(11) NOT NULL,
  `D_Release_idRelease` int(11) NOT NULL,
  `D_Class_idClass` int(11) NOT NULL,
  PRIMARY KEY (`idScenarioFact`),
  KEY `fk_F_Scenario_Class_D_Scenario_Clean_Code1_idx` (`D_Scenario_Clean_Code_idScenario`),
  KEY `fk_F_Scenario_Class_D_Project1_idx` (`D_Project_idProject`),
  KEY `fk_F_Scenario_Class_D_Release1_idx` (`D_Release_idRelease`),
  KEY `fk_F_Scenario_Class_D_Class1_idx` (`D_Class_idClass`)
) ENGINE=InnoDB  DEFAULT CHARSET=utf8 AUTO_INCREMENT=5756 ;

--
-- Fazendo dump de dados para tabela `F_Scenario_Class`
--

INSERT INTO `F_Scenario_Class` (`idScenarioFact`, `quantity_Scenario`, `D_Scenario_Clean_Code_idScenario`, `D_Project_idProject`, `D_Release_idRelease`, `D_Class_idClass`) VALUES
(1, 1, 1, 1, 1, 8),
(2, 1, 6, 1, 1, 8),
(4, 1, 2, 1, 1, 9),
(5, 1, 1, 1, 1, 11),
(6, 1, 6, 1, 1, 11),
(8, 1, 2, 1, 1, 13),
(9, 1, 4, 1, 1, 13),
(11, 1, 1, 1, 1, 14),
(12, 1, 2, 1, 1, 14),
(13, 1, 6, 1, 1, 14),
(14, 1, 2, 1, 1, 15),
(15, 1, 2, 1, 1, 16),
(16, 1, 6, 1, 1, 17),
(17, 1, 2, 1, 1, 21),
(18, 1, 6, 1, 1, 42),
(19, 1, 6, 1, 1, 43),
(20, 1, 6, 1, 1, 45),
(21, 1, 1, 1, 1, 47),
(22, 1, 6, 1, 1, 47),
(24, 1, 6, 1, 1, 49),
(25, 1, 3, 1, 1, 52),
(26, 1, 6, 1, 1, 53),
(27, 1, 6, 1, 1, 54),
(28, 1, 6, 1, 1, 55),
(29, 1, 6, 1, 1, 56),
(30, 1, 6, 1, 1, 57),
(31, 1, 6, 1, 1, 61),
(32, 1, 1, 1, 2, 71),
(33, 1, 6, 1, 2, 71),
(35, 1, 1, 1, 2, 72),
(36, 1, 6, 1, 2, 72),
(38, 1, 2, 1, 2, 73),
(39, 1, 1, 1, 2, 8),
(40, 1, 6, 1, 2, 8),
(42, 1, 2, 1, 2, 9),
(43, 1, 1, 1, 2, 11),
(44, 1, 6, 1, 2, 11),
(46, 1, 1, 1, 2, 14),
(47, 1, 2, 1, 2, 14),
(48, 1, 6, 1, 2, 14),
(49, 1, 2, 1, 2, 15),
(50, 1, 2, 1, 2, 16),
(51, 1, 6, 1, 2, 80),
(52, 1, 1, 1, 2, 83),
(53, 1, 6, 1, 2, 83),
(55, 1, 6, 1, 2, 85),
(56, 1, 6, 1, 2, 86),
(57, 1, 6, 1, 2, 87),
(58, 1, 1, 1, 2, 88),
(59, 1, 6, 1, 2, 88),
(61, 1, 6, 1, 2, 89),
(62, 1, 6, 1, 2, 90),
(63, 1, 6, 1, 2, 91),
(64, 1, 6, 1, 2, 92),
(65, 1, 6, 1, 2, 42),
(66, 1, 6, 1, 2, 43),
(67, 1, 1, 1, 2, 45),
(68, 1, 6, 1, 2, 45),
(70, 1, 6, 1, 2, 46),
(71, 1, 6, 1, 2, 95),
(72, 1, 1, 1, 2, 47),
(73, 1, 6, 1, 2, 47),
(75, 1, 6, 1, 2, 49),
(76, 1, 3, 1, 2, 52),
(77, 1, 6, 1, 2, 53),
(78, 1, 6, 1, 2, 54),
(79, 1, 6, 1, 2, 55),
(80, 1, 6, 1, 2, 56),
(81, 1, 6, 1, 2, 57),
(82, 1, 6, 1, 2, 96),
(83, 1, 6, 1, 2, 61),
(84, 1, 2, 1, 2, 100),
(85, 1, 6, 1, 2, 100),
(87, 1, 6, 1, 2, 101),
(88, 1, 2, 1, 2, 102),
(89, 1, 6, 1, 2, 102),
(91, 1, 6, 1, 2, 104),
(92, 1, 2, 1, 2, 113),
(93, 1, 4, 1, 2, 120),
(94, 1, 1, 1, 3, 137),
(95, 1, 6, 1, 3, 137),
(97, 1, 1, 1, 3, 71),
(98, 1, 6, 1, 3, 71),
(100, 1, 1, 1, 3, 72),
(101, 1, 6, 1, 3, 72),
(103, 1, 1, 1, 3, 138),
(104, 1, 2, 1, 3, 138),
(105, 1, 6, 1, 3, 138),
(106, 1, 2, 1, 3, 73),
(107, 1, 1, 1, 3, 8),
(108, 1, 6, 1, 3, 8),
(110, 1, 2, 1, 3, 9),
(111, 1, 1, 1, 3, 11),
(112, 1, 6, 1, 3, 11),
(114, 1, 2, 1, 3, 15),
(115, 1, 2, 1, 3, 16),
(116, 1, 6, 1, 3, 80),
(117, 1, 1, 1, 3, 83),
(118, 1, 6, 1, 3, 83),
(120, 1, 6, 1, 3, 85),
(121, 1, 6, 1, 3, 86),
(122, 1, 6, 1, 3, 87),
(123, 1, 1, 1, 3, 88),
(124, 1, 6, 1, 3, 88),
(126, 1, 6, 1, 3, 89),
(127, 1, 6, 1, 3, 90),
(128, 1, 6, 1, 3, 91),
(129, 1, 6, 1, 3, 92),
(130, 1, 6, 1, 3, 42),
(131, 1, 1, 1, 3, 43),
(132, 1, 6, 1, 3, 43),
(134, 1, 6, 1, 3, 141),
(135, 1, 6, 1, 3, 142),
(136, 1, 1, 1, 3, 45),
(137, 1, 6, 1, 3, 45),
(139, 1, 6, 1, 3, 46),
(140, 1, 6, 1, 3, 95),
(141, 1, 1, 1, 3, 47),
(142, 1, 6, 1, 3, 47),
(144, 1, 6, 1, 3, 48),
(145, 1, 6, 1, 3, 49),
(146, 1, 6, 1, 3, 50),
(147, 1, 3, 1, 3, 52),
(148, 1, 6, 1, 3, 53),
(149, 1, 6, 1, 3, 54),
(150, 1, 6, 1, 3, 55),
(151, 1, 6, 1, 3, 56),
(152, 1, 6, 1, 3, 96),
(153, 1, 6, 1, 3, 61),
(154, 1, 2, 1, 3, 100),
(155, 1, 6, 1, 3, 100),
(157, 1, 6, 1, 3, 148),
(158, 1, 6, 1, 3, 101),
(159, 1, 2, 1, 3, 102),
(160, 1, 6, 1, 3, 102),
(162, 1, 6, 1, 3, 104),
(163, 1, 6, 1, 3, 106),
(164, 1, 2, 1, 3, 113),
(165, 1, 6, 1, 3, 130),
(166, 1, 1, 1, 4, 137),
(167, 1, 6, 1, 4, 137),
(169, 1, 1, 1, 4, 71),
(170, 1, 6, 1, 4, 71),
(172, 1, 1, 1, 4, 72),
(173, 1, 6, 1, 4, 72),
(175, 1, 1, 1, 4, 162),
(176, 1, 6, 1, 4, 162),
(178, 1, 1, 1, 4, 138),
(179, 1, 2, 1, 4, 138),
(180, 1, 6, 1, 4, 138),
(181, 1, 2, 1, 4, 73),
(182, 1, 1, 1, 4, 8),
(183, 1, 6, 1, 4, 8),
(185, 1, 4, 1, 4, 163),
(186, 1, 2, 1, 4, 9),
(187, 1, 1, 1, 4, 11),
(188, 1, 6, 1, 4, 11),
(190, 1, 6, 1, 4, 164),
(191, 1, 2, 1, 4, 15),
(192, 1, 6, 1, 4, 165),
(193, 1, 6, 1, 4, 167),
(194, 1, 2, 1, 4, 16),
(195, 1, 6, 1, 4, 80),
(196, 1, 6, 1, 4, 85),
(197, 1, 6, 1, 4, 86),
(198, 1, 6, 1, 4, 87),
(199, 1, 6, 1, 4, 176),
(200, 1, 1, 1, 4, 88),
(201, 1, 6, 1, 4, 88),
(203, 1, 6, 1, 4, 89),
(204, 1, 6, 1, 4, 90),
(205, 1, 1, 1, 4, 177),
(206, 1, 6, 1, 4, 177),
(208, 1, 6, 1, 4, 178),
(209, 1, 6, 1, 4, 91),
(210, 1, 6, 1, 4, 92),
(211, 1, 6, 1, 4, 179),
(212, 1, 6, 1, 4, 42),
(213, 1, 1, 1, 4, 43),
(214, 1, 6, 1, 4, 43),
(216, 1, 1, 1, 4, 180),
(217, 1, 6, 1, 4, 180),
(219, 1, 6, 1, 4, 182),
(220, 1, 6, 1, 4, 183),
(221, 1, 6, 1, 4, 141),
(222, 1, 6, 1, 4, 184),
(223, 1, 6, 1, 4, 185),
(224, 1, 6, 1, 4, 142),
(225, 1, 6, 1, 4, 186),
(226, 1, 1, 1, 4, 45),
(227, 1, 6, 1, 4, 45),
(229, 1, 6, 1, 4, 46),
(230, 1, 6, 1, 4, 95),
(231, 1, 1, 1, 4, 47),
(232, 1, 6, 1, 4, 47),
(234, 1, 6, 1, 4, 48),
(235, 1, 6, 1, 4, 49),
(236, 1, 6, 1, 4, 187),
(237, 1, 6, 1, 4, 188),
(238, 1, 6, 1, 4, 50),
(239, 1, 6, 1, 4, 189),
(240, 1, 3, 1, 4, 52),
(241, 1, 6, 1, 4, 53),
(242, 1, 6, 1, 4, 54),
(243, 1, 6, 1, 4, 55),
(244, 1, 6, 1, 4, 56),
(245, 1, 6, 1, 4, 190),
(246, 1, 6, 1, 4, 96),
(247, 1, 6, 1, 4, 61),
(248, 1, 2, 1, 4, 193),
(249, 1, 1, 1, 4, 203),
(250, 1, 6, 1, 4, 203),
(252, 1, 1, 1, 4, 207),
(253, 1, 6, 1, 4, 207),
(255, 1, 1, 1, 4, 208),
(256, 1, 6, 1, 4, 208),
(258, 1, 1, 1, 4, 213),
(259, 1, 6, 1, 4, 213),
(261, 1, 1, 1, 4, 215),
(262, 1, 6, 1, 4, 215),
(264, 1, 1, 1, 4, 217),
(265, 1, 6, 1, 4, 217),
(267, 1, 6, 1, 4, 100),
(268, 1, 6, 1, 4, 148),
(269, 1, 6, 1, 4, 101),
(270, 1, 2, 1, 4, 102),
(271, 1, 6, 1, 4, 102),
(273, 1, 6, 1, 4, 104),
(274, 1, 6, 1, 4, 106),
(275, 1, 1, 1, 4, 110),
(276, 1, 6, 1, 4, 110),
(278, 1, 2, 1, 4, 113),
(279, 1, 6, 1, 4, 130),
(280, 1, 1, 1, 5, 137),
(281, 1, 6, 1, 5, 137),
(283, 1, 1, 1, 5, 71),
(284, 1, 6, 1, 5, 71),
(286, 1, 1, 1, 5, 72),
(287, 1, 6, 1, 5, 72),
(289, 1, 1, 1, 5, 260),
(290, 1, 2, 1, 5, 260),
(291, 1, 4, 1, 5, 260),
(292, 1, 6, 1, 5, 260),
(296, 1, 1, 1, 5, 261),
(297, 1, 2, 1, 5, 261),
(298, 1, 4, 1, 5, 261),
(299, 1, 6, 1, 5, 261),
(303, 1, 6, 1, 5, 262),
(304, 1, 1, 1, 5, 162),
(305, 1, 6, 1, 5, 162),
(307, 1, 2, 1, 5, 263),
(308, 1, 1, 1, 5, 138),
(309, 1, 2, 1, 5, 138),
(310, 1, 6, 1, 5, 138),
(311, 1, 2, 1, 5, 73),
(312, 1, 1, 1, 5, 8),
(313, 1, 6, 1, 5, 8),
(315, 1, 4, 1, 5, 163),
(316, 1, 2, 1, 5, 9),
(317, 1, 1, 1, 5, 264),
(318, 1, 6, 1, 5, 264),
(320, 1, 1, 1, 5, 11),
(321, 1, 6, 1, 5, 11),
(323, 1, 6, 1, 5, 164),
(324, 1, 2, 1, 5, 15),
(325, 1, 6, 1, 5, 165),
(326, 1, 6, 1, 5, 167),
(327, 1, 2, 1, 5, 265),
(328, 1, 2, 1, 5, 266),
(329, 1, 2, 1, 5, 16),
(330, 1, 6, 1, 5, 80),
(331, 1, 6, 1, 5, 85),
(332, 1, 6, 1, 5, 86),
(333, 1, 6, 1, 5, 87),
(334, 1, 6, 1, 5, 176),
(335, 1, 1, 1, 5, 88),
(336, 1, 6, 1, 5, 88),
(338, 1, 6, 1, 5, 89),
(339, 1, 6, 1, 5, 90),
(340, 1, 6, 1, 5, 270),
(341, 1, 1, 1, 5, 177),
(342, 1, 6, 1, 5, 177),
(344, 1, 6, 1, 5, 178),
(345, 1, 6, 1, 5, 271),
(346, 1, 6, 1, 5, 91),
(347, 1, 6, 1, 5, 92),
(348, 1, 1, 1, 5, 272),
(349, 1, 6, 1, 5, 272),
(351, 1, 6, 1, 5, 273),
(352, 1, 6, 1, 5, 179),
(353, 1, 6, 1, 5, 42),
(354, 1, 6, 1, 5, 274),
(355, 1, 1, 1, 5, 43),
(356, 1, 6, 1, 5, 43),
(358, 1, 1, 1, 5, 180),
(359, 1, 6, 1, 5, 180),
(361, 1, 6, 1, 5, 181),
(362, 1, 6, 1, 5, 182),
(363, 1, 6, 1, 5, 183),
(364, 1, 6, 1, 5, 141),
(365, 1, 6, 1, 5, 184),
(366, 1, 6, 1, 5, 185),
(367, 1, 6, 1, 5, 142),
(368, 1, 6, 1, 5, 186),
(369, 1, 6, 1, 5, 277),
(370, 1, 1, 1, 5, 278),
(371, 1, 6, 1, 5, 278),
(373, 1, 1, 1, 5, 45),
(374, 1, 6, 1, 5, 45),
(376, 1, 6, 1, 5, 46),
(377, 1, 6, 1, 5, 95),
(378, 1, 1, 1, 5, 47),
(379, 1, 6, 1, 5, 47),
(381, 1, 6, 1, 5, 280),
(382, 1, 6, 1, 5, 48),
(383, 1, 6, 1, 5, 49),
(384, 1, 6, 1, 5, 187),
(385, 1, 6, 1, 5, 188),
(386, 1, 6, 1, 5, 50),
(387, 1, 6, 1, 5, 189),
(388, 1, 3, 1, 5, 52),
(389, 1, 6, 1, 5, 53),
(390, 1, 6, 1, 5, 54),
(391, 1, 6, 1, 5, 55),
(392, 1, 6, 1, 5, 56),
(393, 1, 6, 1, 5, 281),
(394, 1, 6, 1, 5, 190),
(395, 1, 6, 1, 5, 282),
(396, 1, 6, 1, 5, 96),
(397, 1, 6, 1, 5, 284),
(398, 1, 6, 1, 5, 285),
(399, 1, 6, 1, 5, 61),
(400, 1, 6, 1, 5, 287),
(401, 1, 6, 1, 5, 288),
(402, 1, 2, 1, 5, 193),
(403, 1, 2, 1, 5, 290),
(404, 1, 1, 1, 5, 203),
(405, 1, 6, 1, 5, 203),
(407, 1, 1, 1, 5, 207),
(408, 1, 6, 1, 5, 207),
(410, 1, 1, 1, 5, 208),
(411, 1, 6, 1, 5, 208),
(413, 1, 1, 1, 5, 294),
(414, 1, 6, 1, 5, 294),
(416, 1, 1, 1, 5, 213),
(417, 1, 6, 1, 5, 213),
(419, 1, 1, 1, 5, 215),
(420, 1, 6, 1, 5, 215),
(422, 1, 1, 1, 5, 217),
(423, 1, 6, 1, 5, 217),
(425, 1, 6, 1, 5, 100),
(426, 1, 6, 1, 5, 148),
(427, 1, 6, 1, 5, 101),
(428, 1, 2, 1, 5, 102),
(429, 1, 6, 1, 5, 102),
(431, 1, 6, 1, 5, 104),
(432, 1, 6, 1, 5, 106),
(433, 1, 1, 1, 5, 110),
(434, 1, 6, 1, 5, 110),
(436, 1, 2, 1, 5, 113),
(437, 1, 2, 1, 5, 311),
(438, 1, 2, 1, 5, 324),
(439, 1, 6, 1, 5, 324),
(441, 1, 6, 1, 5, 130),
(442, 1, 1, 1, 6, 137),
(443, 1, 6, 1, 6, 137),
(445, 1, 1, 1, 6, 71),
(446, 1, 6, 1, 6, 71),
(448, 1, 1, 1, 6, 72),
(449, 1, 6, 1, 6, 72),
(451, 1, 1, 1, 6, 260),
(452, 1, 2, 1, 6, 260),
(453, 1, 6, 1, 6, 260),
(454, 1, 1, 1, 6, 261),
(455, 1, 2, 1, 6, 261),
(456, 1, 4, 1, 6, 261),
(457, 1, 6, 1, 6, 261),
(461, 1, 1, 1, 6, 262),
(462, 1, 4, 1, 6, 262),
(463, 1, 6, 1, 6, 262),
(464, 1, 1, 1, 6, 335),
(465, 1, 6, 1, 6, 335),
(467, 1, 1, 1, 6, 162),
(468, 1, 6, 1, 6, 162),
(470, 1, 1, 1, 6, 263),
(471, 1, 2, 1, 6, 263),
(472, 1, 6, 1, 6, 263),
(473, 1, 1, 1, 6, 138),
(474, 1, 2, 1, 6, 138),
(475, 1, 6, 1, 6, 138),
(476, 1, 2, 1, 6, 73),
(477, 1, 1, 1, 6, 8),
(478, 1, 6, 1, 6, 8),
(480, 1, 4, 1, 6, 163),
(481, 1, 2, 1, 6, 9),
(482, 1, 1, 1, 6, 264),
(483, 1, 6, 1, 6, 264),
(485, 1, 1, 1, 6, 11),
(486, 1, 6, 1, 6, 11),
(488, 1, 6, 1, 6, 164),
(489, 1, 2, 1, 6, 15),
(490, 1, 6, 1, 6, 165),
(491, 1, 6, 1, 6, 167),
(492, 1, 2, 1, 6, 265),
(493, 1, 2, 1, 6, 266),
(494, 1, 2, 1, 6, 16),
(495, 1, 6, 1, 6, 80),
(496, 1, 6, 1, 6, 85),
(497, 1, 6, 1, 6, 86),
(498, 1, 6, 1, 6, 87),
(499, 1, 1, 1, 6, 88),
(500, 1, 6, 1, 6, 88),
(502, 1, 6, 1, 6, 89),
(503, 1, 6, 1, 6, 90),
(504, 1, 6, 1, 6, 270),
(505, 1, 1, 1, 6, 177),
(506, 1, 6, 1, 6, 177),
(508, 1, 6, 1, 6, 178),
(509, 1, 6, 1, 6, 271),
(510, 1, 6, 1, 6, 91),
(511, 1, 6, 1, 6, 92),
(512, 1, 1, 1, 6, 272),
(513, 1, 6, 1, 6, 272),
(515, 1, 6, 1, 6, 273),
(516, 1, 6, 1, 6, 179),
(517, 1, 6, 1, 6, 42),
(518, 1, 6, 1, 6, 274),
(519, 1, 1, 1, 6, 43),
(520, 1, 6, 1, 6, 43),
(522, 1, 1, 1, 6, 180),
(523, 1, 6, 1, 6, 180),
(525, 1, 6, 1, 6, 181),
(526, 1, 6, 1, 6, 182),
(527, 1, 6, 1, 6, 183),
(528, 1, 6, 1, 6, 141),
(529, 1, 6, 1, 6, 184),
(530, 1, 6, 1, 6, 185),
(531, 1, 6, 1, 6, 142),
(532, 1, 6, 1, 6, 186),
(533, 1, 6, 1, 6, 277),
(534, 1, 1, 1, 6, 278),
(535, 1, 6, 1, 6, 278),
(537, 1, 1, 1, 6, 45),
(538, 1, 6, 1, 6, 45),
(540, 1, 6, 1, 6, 46),
(541, 1, 6, 1, 6, 95),
(542, 1, 1, 1, 6, 47),
(543, 1, 6, 1, 6, 47),
(545, 1, 6, 1, 6, 280),
(546, 1, 6, 1, 6, 48),
(547, 1, 6, 1, 6, 49),
(548, 1, 6, 1, 6, 187),
(549, 1, 6, 1, 6, 188),
(550, 1, 6, 1, 6, 50),
(551, 1, 6, 1, 6, 189),
(552, 1, 3, 1, 6, 52),
(553, 1, 6, 1, 6, 53),
(554, 1, 6, 1, 6, 54),
(555, 1, 6, 1, 6, 55),
(556, 1, 6, 1, 6, 56),
(557, 1, 6, 1, 6, 281),
(558, 1, 6, 1, 6, 190),
(559, 1, 6, 1, 6, 282),
(560, 1, 6, 1, 6, 96),
(561, 1, 6, 1, 6, 283),
(562, 1, 6, 1, 6, 284),
(563, 1, 6, 1, 6, 285),
(564, 1, 6, 1, 6, 61),
(565, 1, 6, 1, 6, 287),
(566, 1, 6, 1, 6, 288),
(567, 1, 2, 1, 6, 193),
(568, 1, 2, 1, 6, 290),
(569, 1, 1, 1, 6, 203),
(570, 1, 6, 1, 6, 203),
(572, 1, 1, 1, 6, 207),
(573, 1, 6, 1, 6, 207),
(575, 1, 1, 1, 6, 208),
(576, 1, 6, 1, 6, 208),
(578, 1, 1, 1, 6, 294),
(579, 1, 6, 1, 6, 294),
(581, 1, 1, 1, 6, 213),
(582, 1, 6, 1, 6, 213),
(584, 1, 1, 1, 6, 215),
(585, 1, 6, 1, 6, 215),
(587, 1, 1, 1, 6, 217),
(588, 1, 6, 1, 6, 217),
(590, 1, 6, 1, 6, 100),
(591, 1, 6, 1, 6, 148),
(592, 1, 6, 1, 6, 101),
(593, 1, 6, 1, 6, 298),
(594, 1, 2, 1, 6, 102),
(595, 1, 6, 1, 6, 102),
(597, 1, 6, 1, 6, 104),
(598, 1, 6, 1, 6, 106),
(599, 1, 2, 1, 6, 340),
(600, 1, 6, 1, 6, 340),
(602, 1, 1, 1, 6, 110),
(603, 1, 6, 1, 6, 110),
(605, 1, 6, 1, 6, 304),
(606, 1, 2, 1, 6, 113),
(607, 1, 6, 1, 6, 324),
(608, 1, 6, 1, 6, 130),
(609, 1, 1, 1, 7, 137),
(610, 1, 6, 1, 7, 137),
(612, 1, 1, 1, 7, 71),
(613, 1, 6, 1, 7, 71),
(615, 1, 1, 1, 7, 72),
(616, 1, 6, 1, 7, 72),
(618, 1, 1, 1, 7, 260),
(619, 1, 2, 1, 7, 260),
(620, 1, 6, 1, 7, 260),
(621, 1, 1, 1, 7, 261),
(622, 1, 2, 1, 7, 261),
(623, 1, 4, 1, 7, 261),
(624, 1, 6, 1, 7, 261),
(628, 1, 1, 1, 7, 262),
(629, 1, 4, 1, 7, 262),
(630, 1, 6, 1, 7, 262),
(631, 1, 1, 1, 7, 335),
(632, 1, 6, 1, 7, 335),
(634, 1, 1, 1, 7, 162),
(635, 1, 6, 1, 7, 162),
(637, 1, 1, 1, 7, 263),
(638, 1, 2, 1, 7, 263),
(639, 1, 6, 1, 7, 263),
(640, 1, 1, 1, 7, 138),
(641, 1, 2, 1, 7, 138),
(642, 1, 6, 1, 7, 138),
(643, 1, 2, 1, 7, 73),
(644, 1, 1, 1, 7, 8),
(645, 1, 6, 1, 7, 8),
(647, 1, 1, 1, 7, 344),
(648, 1, 6, 1, 7, 344),
(650, 1, 2, 1, 7, 346),
(651, 1, 1, 1, 7, 347),
(652, 1, 2, 1, 7, 347),
(653, 1, 6, 1, 7, 347),
(654, 1, 2, 1, 7, 349),
(655, 1, 1, 1, 7, 163),
(656, 1, 6, 1, 7, 163),
(658, 1, 4, 1, 7, 350),
(659, 1, 2, 1, 7, 9),
(660, 1, 1, 1, 7, 264),
(661, 1, 6, 1, 7, 264),
(663, 1, 1, 1, 7, 11),
(664, 1, 6, 1, 7, 11),
(666, 1, 6, 1, 7, 164),
(667, 1, 2, 1, 7, 15),
(668, 1, 2, 1, 7, 351),
(669, 1, 6, 1, 7, 165),
(670, 1, 2, 1, 7, 352),
(671, 1, 6, 1, 7, 167),
(672, 1, 2, 1, 7, 265),
(673, 1, 2, 1, 7, 266),
(674, 1, 2, 1, 7, 353),
(675, 1, 2, 1, 7, 16),
(676, 1, 6, 1, 7, 80),
(677, 1, 6, 1, 7, 269),
(678, 1, 6, 1, 7, 85),
(679, 1, 6, 1, 7, 86),
(680, 1, 6, 1, 7, 87),
(681, 1, 1, 1, 7, 88),
(682, 1, 6, 1, 7, 88),
(684, 1, 6, 1, 7, 89),
(685, 1, 6, 1, 7, 90),
(686, 1, 6, 1, 7, 270),
(687, 1, 1, 1, 7, 177),
(688, 1, 6, 1, 7, 177),
(690, 1, 6, 1, 7, 178),
(691, 1, 6, 1, 7, 271),
(692, 1, 6, 1, 7, 91),
(693, 1, 6, 1, 7, 92),
(694, 1, 1, 1, 7, 272),
(695, 1, 6, 1, 7, 272),
(697, 1, 6, 1, 7, 273),
(698, 1, 6, 1, 7, 179),
(699, 1, 6, 1, 7, 42),
(700, 1, 6, 1, 7, 274),
(701, 1, 1, 1, 7, 43),
(702, 1, 6, 1, 7, 43),
(704, 1, 1, 1, 7, 357),
(705, 1, 6, 1, 7, 357),
(707, 1, 6, 1, 7, 358),
(708, 1, 6, 1, 7, 360),
(709, 1, 1, 1, 7, 361),
(710, 1, 6, 1, 7, 361),
(712, 1, 6, 1, 7, 362),
(713, 1, 6, 1, 7, 363),
(714, 1, 1, 1, 7, 180),
(715, 1, 6, 1, 7, 180),
(717, 1, 6, 1, 7, 181),
(718, 1, 6, 1, 7, 182),
(719, 1, 1, 1, 7, 183),
(720, 1, 6, 1, 7, 183),
(722, 1, 6, 1, 7, 141),
(723, 1, 6, 1, 7, 184),
(724, 1, 6, 1, 7, 185),
(725, 1, 6, 1, 7, 142),
(726, 1, 6, 1, 7, 367),
(727, 1, 6, 1, 7, 368),
(728, 1, 6, 1, 7, 186),
(729, 1, 6, 1, 7, 277),
(730, 1, 1, 1, 7, 278),
(731, 1, 6, 1, 7, 278),
(733, 1, 1, 1, 7, 45),
(734, 1, 6, 1, 7, 45),
(736, 1, 6, 1, 7, 46),
(737, 1, 6, 1, 7, 95),
(738, 1, 1, 1, 7, 47),
(739, 1, 6, 1, 7, 47),
(741, 1, 6, 1, 7, 280),
(742, 1, 6, 1, 7, 48),
(743, 1, 6, 1, 7, 49),
(744, 1, 6, 1, 7, 187),
(745, 1, 6, 1, 7, 188),
(746, 1, 6, 1, 7, 50),
(747, 1, 6, 1, 7, 189),
(748, 1, 3, 1, 7, 52),
(749, 1, 6, 1, 7, 53),
(750, 1, 6, 1, 7, 54),
(751, 1, 6, 1, 7, 55),
(752, 1, 6, 1, 7, 56),
(753, 1, 6, 1, 7, 281),
(754, 1, 6, 1, 7, 190),
(755, 1, 6, 1, 7, 282),
(756, 1, 6, 1, 7, 96),
(757, 1, 6, 1, 7, 192),
(758, 1, 6, 1, 7, 283),
(759, 1, 6, 1, 7, 284),
(760, 1, 6, 1, 7, 285),
(761, 1, 6, 1, 7, 374),
(762, 1, 6, 1, 7, 61),
(763, 1, 6, 1, 7, 287),
(764, 1, 6, 1, 7, 288),
(765, 1, 2, 1, 7, 193),
(766, 1, 2, 1, 7, 290),
(767, 1, 2, 1, 7, 375),
(768, 1, 2, 1, 7, 377),
(769, 1, 1, 1, 7, 203),
(770, 1, 6, 1, 7, 203),
(772, 1, 1, 1, 7, 207),
(773, 1, 6, 1, 7, 207),
(775, 1, 1, 1, 7, 208),
(776, 1, 6, 1, 7, 208),
(778, 1, 1, 1, 7, 210),
(779, 1, 6, 1, 7, 210),
(781, 1, 1, 1, 7, 294),
(782, 1, 6, 1, 7, 294),
(784, 1, 1, 1, 7, 213),
(785, 1, 6, 1, 7, 213),
(787, 1, 1, 1, 7, 386),
(788, 1, 6, 1, 7, 386),
(790, 1, 1, 1, 7, 217),
(791, 1, 6, 1, 7, 217),
(793, 1, 6, 1, 7, 100),
(794, 1, 6, 1, 7, 148),
(795, 1, 2, 1, 7, 101),
(796, 1, 6, 1, 7, 101),
(798, 1, 6, 1, 7, 298),
(799, 1, 2, 1, 7, 102),
(800, 1, 6, 1, 7, 102),
(802, 1, 6, 1, 7, 229),
(803, 1, 6, 1, 7, 104),
(804, 1, 6, 1, 7, 106),
(805, 1, 6, 1, 7, 389),
(806, 1, 6, 1, 7, 392),
(807, 1, 2, 1, 7, 340),
(808, 1, 6, 1, 7, 340),
(810, 1, 1, 1, 7, 110),
(811, 1, 4, 1, 7, 110),
(812, 1, 6, 1, 7, 110),
(813, 1, 6, 1, 7, 304),
(814, 1, 2, 1, 7, 113),
(815, 1, 6, 1, 7, 324),
(816, 1, 6, 1, 7, 130),
(817, 1, 1, 1, 8, 405),
(818, 1, 2, 1, 8, 405),
(819, 1, 6, 1, 8, 405),
(820, 1, 2, 1, 8, 406),
(821, 1, 2, 1, 8, 407),
(822, 1, 1, 1, 8, 137),
(823, 1, 6, 1, 8, 137),
(825, 1, 1, 1, 8, 71),
(826, 1, 6, 1, 8, 71),
(828, 1, 1, 1, 8, 72),
(829, 1, 6, 1, 8, 72),
(831, 1, 2, 1, 8, 408),
(832, 1, 1, 1, 8, 409),
(833, 1, 2, 1, 8, 409),
(834, 1, 6, 1, 8, 409),
(835, 1, 2, 1, 8, 410),
(836, 1, 2, 1, 8, 411),
(837, 1, 1, 1, 8, 260),
(838, 1, 2, 1, 8, 260),
(839, 1, 6, 1, 8, 260),
(840, 1, 1, 1, 8, 261),
(841, 1, 6, 1, 8, 261),
(843, 1, 1, 1, 8, 262),
(844, 1, 6, 1, 8, 262),
(846, 1, 1, 1, 8, 335),
(847, 1, 6, 1, 8, 335),
(849, 1, 1, 1, 8, 162),
(850, 1, 6, 1, 8, 162),
(852, 1, 1, 1, 8, 263),
(853, 1, 2, 1, 8, 263),
(854, 1, 6, 1, 8, 263),
(855, 1, 1, 1, 8, 138),
(856, 1, 2, 1, 8, 138),
(857, 1, 6, 1, 8, 138),
(858, 1, 2, 1, 8, 73),
(859, 1, 1, 1, 8, 8),
(860, 1, 6, 1, 8, 8),
(862, 1, 1, 1, 8, 344),
(863, 1, 6, 1, 8, 344),
(865, 1, 2, 1, 8, 346),
(866, 1, 1, 1, 8, 347),
(867, 1, 2, 1, 8, 347),
(868, 1, 6, 1, 8, 347),
(869, 1, 2, 1, 8, 348),
(870, 1, 2, 1, 8, 349),
(871, 1, 1, 1, 8, 163),
(872, 1, 6, 1, 8, 163),
(874, 1, 4, 1, 8, 350),
(875, 1, 2, 1, 8, 9),
(876, 1, 1, 1, 8, 412),
(877, 1, 2, 1, 8, 412),
(878, 1, 6, 1, 8, 412),
(879, 1, 1, 1, 8, 264),
(880, 1, 6, 1, 8, 264),
(882, 1, 1, 1, 8, 11),
(883, 1, 6, 1, 8, 11),
(885, 1, 6, 1, 8, 164),
(886, 1, 2, 1, 8, 15),
(887, 1, 2, 1, 8, 351),
(888, 1, 6, 1, 8, 165),
(889, 1, 2, 1, 8, 352),
(890, 1, 6, 1, 8, 167),
(891, 1, 2, 1, 8, 265),
(892, 1, 2, 1, 8, 266),
(893, 1, 2, 1, 8, 353),
(894, 1, 2, 1, 8, 16),
(895, 1, 4, 1, 8, 415),
(896, 1, 6, 1, 8, 80),
(897, 1, 3, 1, 8, 416),
(898, 1, 6, 1, 8, 269),
(899, 1, 6, 1, 8, 418),
(900, 1, 4, 1, 8, 419),
(901, 1, 6, 1, 8, 85),
(902, 1, 6, 1, 8, 86),
(903, 1, 6, 1, 8, 87),
(904, 1, 1, 1, 8, 421),
(905, 1, 6, 1, 8, 421),
(907, 1, 6, 1, 8, 422),
(908, 1, 6, 1, 8, 425),
(909, 1, 6, 1, 8, 426),
(910, 1, 6, 1, 8, 427),
(911, 1, 6, 1, 8, 428),
(912, 1, 1, 1, 8, 88),
(913, 1, 6, 1, 8, 88),
(915, 1, 6, 1, 8, 89),
(916, 1, 6, 1, 8, 90),
(917, 1, 1, 1, 8, 429),
(918, 1, 6, 1, 8, 429),
(920, 1, 6, 1, 8, 432),
(921, 1, 6, 1, 8, 270),
(922, 1, 1, 1, 8, 177),
(923, 1, 6, 1, 8, 177),
(925, 1, 6, 1, 8, 178),
(926, 1, 6, 1, 8, 271),
(927, 1, 6, 1, 8, 91),
(928, 1, 6, 1, 8, 92),
(929, 1, 1, 1, 8, 433),
(930, 1, 6, 1, 8, 433),
(932, 1, 1, 1, 8, 272),
(933, 1, 6, 1, 8, 272),
(935, 1, 6, 1, 8, 273),
(936, 1, 6, 1, 8, 179),
(937, 1, 6, 1, 8, 42),
(938, 1, 6, 1, 8, 436),
(939, 1, 6, 1, 8, 438),
(940, 1, 6, 1, 8, 439),
(941, 1, 6, 1, 8, 274),
(942, 1, 1, 1, 8, 43),
(943, 1, 6, 1, 8, 43),
(945, 1, 1, 1, 8, 357),
(946, 1, 6, 1, 8, 357),
(948, 1, 6, 1, 8, 358),
(949, 1, 6, 1, 8, 360),
(950, 1, 1, 1, 8, 361),
(951, 1, 6, 1, 8, 361),
(953, 1, 6, 1, 8, 362),
(954, 1, 6, 1, 8, 363),
(955, 1, 6, 1, 8, 440),
(956, 1, 1, 1, 8, 180),
(957, 1, 6, 1, 8, 180),
(959, 1, 6, 1, 8, 181),
(960, 1, 1, 1, 8, 441),
(961, 1, 6, 1, 8, 441),
(963, 1, 6, 1, 8, 442),
(964, 1, 6, 1, 8, 182),
(965, 1, 6, 1, 8, 444),
(966, 1, 6, 1, 8, 445),
(967, 1, 6, 1, 8, 446),
(968, 1, 1, 1, 8, 183),
(969, 1, 6, 1, 8, 183),
(971, 1, 6, 1, 8, 141),
(972, 1, 1, 1, 8, 448),
(973, 1, 6, 1, 8, 448),
(975, 1, 6, 1, 8, 450),
(976, 1, 6, 1, 8, 184),
(977, 1, 6, 1, 8, 185),
(978, 1, 6, 1, 8, 142),
(979, 1, 6, 1, 8, 367),
(980, 1, 6, 1, 8, 368),
(981, 1, 6, 1, 8, 186),
(982, 1, 6, 1, 8, 277),
(983, 1, 6, 1, 8, 453),
(984, 1, 1, 1, 8, 278),
(985, 1, 6, 1, 8, 278),
(987, 1, 1, 1, 8, 45),
(988, 1, 6, 1, 8, 45),
(990, 1, 6, 1, 8, 46),
(991, 1, 6, 1, 8, 95),
(992, 1, 1, 1, 8, 47),
(993, 1, 6, 1, 8, 47),
(995, 1, 6, 1, 8, 280),
(996, 1, 6, 1, 8, 48),
(997, 1, 6, 1, 8, 49),
(998, 1, 6, 1, 8, 187),
(999, 1, 6, 1, 8, 188),
(1000, 1, 6, 1, 8, 50),
(1001, 1, 6, 1, 8, 189),
(1002, 1, 3, 1, 8, 52),
(1003, 1, 6, 1, 8, 52),
(1005, 1, 6, 1, 8, 53),
(1006, 1, 6, 1, 8, 54),
(1007, 1, 6, 1, 8, 55),
(1008, 1, 6, 1, 8, 56),
(1009, 1, 6, 1, 8, 281),
(1010, 1, 6, 1, 8, 190),
(1011, 1, 6, 1, 8, 282),
(1012, 1, 1, 1, 8, 454),
(1013, 1, 6, 1, 8, 454),
(1015, 1, 6, 1, 8, 455),
(1016, 1, 6, 1, 8, 457),
(1017, 1, 1, 1, 8, 458),
(1018, 1, 6, 1, 8, 458),
(1020, 1, 6, 1, 8, 459),
(1021, 1, 6, 1, 8, 460),
(1022, 1, 6, 1, 8, 461),
(1023, 1, 6, 1, 8, 96),
(1024, 1, 6, 1, 8, 192),
(1025, 1, 6, 1, 8, 283),
(1026, 1, 6, 1, 8, 284),
(1027, 1, 6, 1, 8, 285),
(1028, 1, 6, 1, 8, 374),
(1029, 1, 6, 1, 8, 61),
(1030, 1, 6, 1, 8, 287),
(1031, 1, 6, 1, 8, 288),
(1032, 1, 6, 1, 8, 474),
(1033, 1, 2, 1, 8, 475),
(1034, 1, 2, 1, 8, 193),
(1035, 1, 2, 1, 8, 477),
(1036, 1, 2, 1, 8, 290),
(1037, 1, 2, 1, 8, 375),
(1038, 1, 2, 1, 8, 377),
(1039, 1, 1, 1, 8, 203),
(1040, 1, 6, 1, 8, 203),
(1042, 1, 1, 1, 8, 207),
(1043, 1, 6, 1, 8, 207),
(1045, 1, 1, 1, 8, 208),
(1046, 1, 6, 1, 8, 208),
(1048, 1, 1, 1, 8, 210),
(1049, 1, 6, 1, 8, 210),
(1051, 1, 1, 1, 8, 294),
(1052, 1, 6, 1, 8, 294),
(1054, 1, 1, 1, 8, 213),
(1055, 1, 6, 1, 8, 213),
(1057, 1, 1, 1, 8, 386),
(1058, 1, 6, 1, 8, 386),
(1060, 1, 1, 1, 8, 217),
(1061, 1, 6, 1, 8, 217),
(1063, 1, 6, 1, 8, 100),
(1064, 1, 6, 1, 8, 148),
(1065, 1, 2, 1, 8, 101),
(1066, 1, 6, 1, 8, 101),
(1068, 1, 6, 1, 8, 486),
(1069, 1, 6, 1, 8, 298),
(1070, 1, 2, 1, 8, 102),
(1071, 1, 6, 1, 8, 102),
(1073, 1, 6, 1, 8, 229),
(1074, 1, 6, 1, 8, 104),
(1075, 1, 6, 1, 8, 106),
(1076, 1, 6, 1, 8, 389),
(1077, 1, 6, 1, 8, 392),
(1078, 1, 2, 1, 8, 340),
(1079, 1, 6, 1, 8, 340),
(1081, 1, 1, 1, 8, 110),
(1082, 1, 4, 1, 8, 110),
(1083, 1, 6, 1, 8, 110),
(1084, 1, 2, 1, 8, 492),
(1085, 1, 6, 1, 8, 492),
(1087, 1, 6, 1, 8, 304),
(1088, 1, 2, 1, 8, 113),
(1089, 1, 6, 1, 8, 324),
(1090, 1, 2, 1, 8, 127),
(1091, 1, 6, 1, 8, 127),
(1093, 1, 6, 1, 8, 130),
(1094, 1, 2, 1, 8, 515),
(1095, 1, 1, 1, 8, 516),
(1096, 1, 6, 1, 8, 516),
(1098, 1, 1, 1, 9, 405),
(1099, 1, 2, 1, 9, 405),
(1100, 1, 6, 1, 9, 405),
(1101, 1, 2, 1, 9, 406),
(1102, 1, 2, 1, 9, 407),
(1103, 1, 1, 1, 9, 520),
(1104, 1, 6, 1, 9, 520),
(1106, 1, 1, 1, 9, 137),
(1107, 1, 6, 1, 9, 137),
(1109, 1, 1, 1, 9, 71),
(1110, 1, 6, 1, 9, 71),
(1112, 1, 1, 1, 9, 72),
(1113, 1, 6, 1, 9, 72),
(1115, 1, 2, 1, 9, 408),
(1116, 1, 1, 1, 9, 409),
(1117, 1, 2, 1, 9, 409),
(1118, 1, 6, 1, 9, 409),
(1119, 1, 2, 1, 9, 410),
(1120, 1, 2, 1, 9, 411),
(1121, 1, 1, 1, 9, 260),
(1122, 1, 2, 1, 9, 260),
(1123, 1, 6, 1, 9, 260),
(1124, 1, 1, 1, 9, 261),
(1125, 1, 6, 1, 9, 261),
(1127, 1, 1, 1, 9, 262),
(1128, 1, 6, 1, 9, 262),
(1130, 1, 1, 1, 9, 335),
(1131, 1, 6, 1, 9, 335),
(1133, 1, 1, 1, 9, 162),
(1134, 1, 6, 1, 9, 162),
(1136, 1, 1, 1, 9, 263),
(1137, 1, 2, 1, 9, 263),
(1138, 1, 6, 1, 9, 263),
(1139, 1, 1, 1, 9, 138),
(1140, 1, 2, 1, 9, 138),
(1141, 1, 6, 1, 9, 138),
(1142, 1, 2, 1, 9, 73),
(1143, 1, 1, 1, 9, 521),
(1144, 1, 6, 1, 9, 521),
(1146, 1, 1, 1, 9, 522),
(1147, 1, 6, 1, 9, 522),
(1149, 1, 6, 1, 9, 523),
(1150, 1, 2, 1, 9, 524),
(1151, 1, 4, 1, 9, 524),
(1152, 1, 6, 1, 9, 524),
(1153, 1, 1, 1, 9, 8),
(1154, 1, 6, 1, 9, 8),
(1156, 1, 1, 1, 9, 344),
(1157, 1, 6, 1, 9, 344),
(1159, 1, 2, 1, 9, 346),
(1160, 1, 1, 1, 9, 347),
(1161, 1, 2, 1, 9, 347),
(1162, 1, 6, 1, 9, 347),
(1163, 1, 2, 1, 9, 348),
(1164, 1, 2, 1, 9, 349),
(1165, 1, 2, 1, 9, 525),
(1166, 1, 1, 1, 9, 526),
(1167, 1, 2, 1, 9, 526),
(1168, 1, 6, 1, 9, 526),
(1169, 1, 1, 1, 9, 163),
(1170, 1, 6, 1, 9, 163),
(1172, 1, 4, 1, 9, 350),
(1173, 1, 2, 1, 9, 9),
(1174, 1, 1, 1, 9, 412),
(1175, 1, 2, 1, 9, 412),
(1176, 1, 6, 1, 9, 412),
(1177, 1, 1, 1, 9, 264),
(1178, 1, 6, 1, 9, 264),
(1180, 1, 1, 1, 9, 11),
(1181, 1, 6, 1, 9, 11),
(1183, 1, 6, 1, 9, 164),
(1184, 1, 1, 1, 9, 414),
(1185, 1, 6, 1, 9, 414),
(1187, 1, 2, 1, 9, 527),
(1188, 1, 2, 1, 9, 528),
(1189, 1, 4, 1, 9, 528),
(1191, 1, 2, 1, 9, 15),
(1192, 1, 2, 1, 9, 351),
(1193, 1, 6, 1, 9, 165),
(1194, 1, 2, 1, 9, 352),
(1195, 1, 6, 1, 9, 167),
(1196, 1, 2, 1, 9, 265),
(1197, 1, 2, 1, 9, 266),
(1198, 1, 2, 1, 9, 353),
(1199, 1, 2, 1, 9, 16),
(1200, 1, 4, 1, 9, 415),
(1201, 1, 6, 1, 9, 80),
(1202, 1, 3, 1, 9, 416),
(1203, 1, 6, 1, 9, 269),
(1204, 1, 6, 1, 9, 418),
(1205, 1, 4, 1, 9, 419),
(1206, 1, 6, 1, 9, 85),
(1207, 1, 6, 1, 9, 86),
(1208, 1, 6, 1, 9, 87),
(1209, 1, 1, 1, 9, 421),
(1210, 1, 6, 1, 9, 421),
(1212, 1, 6, 1, 9, 422),
(1213, 1, 6, 1, 9, 425),
(1214, 1, 6, 1, 9, 426),
(1215, 1, 6, 1, 9, 427),
(1216, 1, 6, 1, 9, 428),
(1217, 1, 1, 1, 9, 88),
(1218, 1, 6, 1, 9, 88),
(1220, 1, 6, 1, 9, 89),
(1221, 1, 6, 1, 9, 90),
(1222, 1, 1, 1, 9, 429),
(1223, 1, 6, 1, 9, 429),
(1225, 1, 6, 1, 9, 432),
(1226, 1, 6, 1, 9, 270),
(1227, 1, 1, 1, 9, 177),
(1228, 1, 6, 1, 9, 177),
(1230, 1, 6, 1, 9, 178),
(1231, 1, 6, 1, 9, 271),
(1232, 1, 6, 1, 9, 91),
(1233, 1, 6, 1, 9, 92),
(1234, 1, 1, 1, 9, 272),
(1235, 1, 6, 1, 9, 272),
(1237, 1, 6, 1, 9, 273),
(1238, 1, 6, 1, 9, 179),
(1239, 1, 6, 1, 9, 42),
(1240, 1, 6, 1, 9, 436),
(1241, 1, 6, 1, 9, 438),
(1242, 1, 6, 1, 9, 439),
(1243, 1, 6, 1, 9, 274),
(1244, 1, 1, 1, 9, 43),
(1245, 1, 6, 1, 9, 43),
(1247, 1, 1, 1, 9, 357),
(1248, 1, 6, 1, 9, 357),
(1250, 1, 6, 1, 9, 358),
(1251, 1, 6, 1, 9, 360),
(1252, 1, 1, 1, 9, 361),
(1253, 1, 6, 1, 9, 361),
(1255, 1, 6, 1, 9, 362),
(1256, 1, 6, 1, 9, 363),
(1257, 1, 6, 1, 9, 440),
(1258, 1, 1, 1, 9, 180),
(1259, 1, 6, 1, 9, 180),
(1261, 1, 6, 1, 9, 181),
(1262, 1, 1, 1, 9, 441),
(1263, 1, 6, 1, 9, 441),
(1265, 1, 6, 1, 9, 442),
(1266, 1, 6, 1, 9, 182),
(1267, 1, 6, 1, 9, 444),
(1268, 1, 6, 1, 9, 445),
(1269, 1, 6, 1, 9, 446),
(1270, 1, 1, 1, 9, 183),
(1271, 1, 6, 1, 9, 183),
(1273, 1, 6, 1, 9, 141),
(1274, 1, 1, 1, 9, 448),
(1275, 1, 6, 1, 9, 448),
(1277, 1, 6, 1, 9, 450),
(1278, 1, 6, 1, 9, 184),
(1279, 1, 6, 1, 9, 185),
(1280, 1, 6, 1, 9, 142),
(1281, 1, 6, 1, 9, 367),
(1282, 1, 6, 1, 9, 368),
(1283, 1, 6, 1, 9, 186),
(1284, 1, 6, 1, 9, 277),
(1285, 1, 6, 1, 9, 453),
(1286, 1, 1, 1, 9, 278),
(1287, 1, 6, 1, 9, 278),
(1289, 1, 1, 1, 9, 45),
(1290, 1, 6, 1, 9, 45),
(1292, 1, 6, 1, 9, 46),
(1293, 1, 6, 1, 9, 95),
(1294, 1, 1, 1, 9, 47),
(1295, 1, 6, 1, 9, 47),
(1297, 1, 1, 1, 9, 280),
(1298, 1, 6, 1, 9, 280),
(1300, 1, 6, 1, 9, 48),
(1301, 1, 6, 1, 9, 49),
(1302, 1, 6, 1, 9, 187),
(1303, 1, 6, 1, 9, 188),
(1304, 1, 6, 1, 9, 50),
(1305, 1, 6, 1, 9, 189),
(1306, 1, 3, 1, 9, 52),
(1307, 1, 6, 1, 9, 52),
(1309, 1, 6, 1, 9, 53),
(1310, 1, 6, 1, 9, 54),
(1311, 1, 6, 1, 9, 55),
(1312, 1, 6, 1, 9, 56),
(1313, 1, 6, 1, 9, 281),
(1314, 1, 6, 1, 9, 190),
(1315, 1, 6, 1, 9, 282),
(1316, 1, 1, 1, 9, 454),
(1317, 1, 6, 1, 9, 454),
(1319, 1, 6, 1, 9, 455),
(1320, 1, 6, 1, 9, 96),
(1321, 1, 6, 1, 9, 192),
(1322, 1, 6, 1, 9, 283),
(1323, 1, 6, 1, 9, 284),
(1324, 1, 6, 1, 9, 285),
(1325, 1, 6, 1, 9, 374),
(1326, 1, 6, 1, 9, 61),
(1327, 1, 6, 1, 9, 287),
(1328, 1, 6, 1, 9, 288),
(1329, 1, 6, 1, 9, 474),
(1330, 1, 2, 1, 9, 475),
(1331, 1, 2, 1, 9, 193),
(1332, 1, 2, 1, 9, 477),
(1333, 1, 2, 1, 9, 290),
(1334, 1, 2, 1, 9, 375),
(1335, 1, 2, 1, 9, 377),
(1336, 1, 1, 1, 9, 203),
(1337, 1, 6, 1, 9, 203),
(1339, 1, 1, 1, 9, 207),
(1340, 1, 6, 1, 9, 207),
(1342, 1, 1, 1, 9, 208),
(1343, 1, 6, 1, 9, 208),
(1345, 1, 1, 1, 9, 210),
(1346, 1, 6, 1, 9, 210),
(1348, 1, 1, 1, 9, 294),
(1349, 1, 6, 1, 9, 294),
(1351, 1, 1, 1, 9, 213),
(1352, 1, 6, 1, 9, 213),
(1354, 1, 1, 1, 9, 386),
(1355, 1, 6, 1, 9, 386),
(1357, 1, 1, 1, 9, 217),
(1358, 1, 6, 1, 9, 217),
(1360, 1, 6, 1, 9, 100),
(1361, 1, 6, 1, 9, 148),
(1362, 1, 2, 1, 9, 101),
(1363, 1, 6, 1, 9, 101),
(1365, 1, 6, 1, 9, 486),
(1366, 1, 6, 1, 9, 298),
(1367, 1, 2, 1, 9, 102),
(1368, 1, 6, 1, 9, 102),
(1370, 1, 6, 1, 9, 229),
(1371, 1, 6, 1, 9, 104),
(1372, 1, 2, 1, 9, 535),
(1373, 1, 6, 1, 9, 535),
(1375, 1, 6, 1, 9, 537),
(1376, 1, 2, 1, 9, 538),
(1377, 1, 6, 1, 9, 538),
(1379, 1, 6, 1, 9, 106),
(1380, 1, 6, 1, 9, 389),
(1381, 1, 6, 1, 9, 392),
(1382, 1, 2, 1, 9, 340),
(1383, 1, 6, 1, 9, 340),
(1385, 1, 6, 1, 9, 489),
(1386, 1, 1, 1, 9, 110),
(1387, 1, 4, 1, 9, 110),
(1388, 1, 6, 1, 9, 110),
(1389, 1, 2, 1, 9, 492),
(1390, 1, 6, 1, 9, 492),
(1392, 1, 6, 1, 9, 304),
(1393, 1, 2, 1, 9, 113),
(1394, 1, 6, 1, 9, 324),
(1395, 1, 2, 1, 9, 127),
(1396, 1, 6, 1, 9, 127),
(1398, 1, 6, 1, 9, 130),
(1399, 1, 2, 1, 9, 515),
(1400, 1, 1, 1, 9, 516),
(1401, 1, 6, 1, 9, 516),
(1403, 1, 1, 1, 10, 405),
(1404, 1, 2, 1, 10, 405),
(1405, 1, 4, 1, 10, 405),
(1406, 1, 6, 1, 10, 405),
(1410, 1, 2, 1, 10, 406),
(1411, 1, 2, 1, 10, 407),
(1412, 1, 1, 1, 10, 520),
(1413, 1, 6, 1, 10, 520),
(1415, 1, 1, 1, 10, 137),
(1416, 1, 6, 1, 10, 137),
(1418, 1, 1, 1, 10, 71),
(1419, 1, 6, 1, 10, 71),
(1421, 1, 1, 1, 10, 72),
(1422, 1, 6, 1, 10, 72),
(1424, 1, 2, 1, 10, 408),
(1425, 1, 4, 1, 10, 408),
(1427, 1, 1, 1, 10, 409),
(1428, 1, 2, 1, 10, 409),
(1429, 1, 6, 1, 10, 409),
(1430, 1, 2, 1, 10, 410),
(1431, 1, 2, 1, 10, 411),
(1432, 1, 1, 1, 10, 260),
(1433, 1, 2, 1, 10, 260),
(1434, 1, 6, 1, 10, 260),
(1435, 1, 1, 1, 10, 261),
(1436, 1, 6, 1, 10, 261),
(1438, 1, 1, 1, 10, 262),
(1439, 1, 6, 1, 10, 262),
(1441, 1, 1, 1, 10, 335),
(1442, 1, 6, 1, 10, 335),
(1444, 1, 1, 1, 10, 162),
(1445, 1, 6, 1, 10, 162),
(1447, 1, 1, 1, 10, 263),
(1448, 1, 2, 1, 10, 263),
(1449, 1, 6, 1, 10, 263),
(1450, 1, 1, 1, 10, 138),
(1451, 1, 2, 1, 10, 138),
(1452, 1, 4, 1, 10, 138),
(1453, 1, 6, 1, 10, 138),
(1457, 1, 2, 1, 10, 73),
(1458, 1, 1, 1, 10, 521),
(1459, 1, 6, 1, 10, 521),
(1461, 1, 1, 1, 10, 522),
(1462, 1, 6, 1, 10, 522),
(1464, 1, 6, 1, 10, 523),
(1465, 1, 2, 1, 10, 524),
(1466, 1, 4, 1, 10, 524),
(1467, 1, 6, 1, 10, 524),
(1468, 1, 1, 1, 10, 8),
(1469, 1, 6, 1, 10, 8),
(1471, 1, 1, 1, 10, 344),
(1472, 1, 6, 1, 10, 344),
(1474, 1, 2, 1, 10, 346),
(1475, 1, 1, 1, 10, 347),
(1476, 1, 2, 1, 10, 347),
(1477, 1, 6, 1, 10, 347),
(1478, 1, 2, 1, 10, 348),
(1479, 1, 2, 1, 10, 349),
(1480, 1, 2, 1, 10, 525),
(1481, 1, 1, 1, 10, 526),
(1482, 1, 2, 1, 10, 526),
(1483, 1, 6, 1, 10, 526),
(1484, 1, 1, 1, 10, 163),
(1485, 1, 6, 1, 10, 163),
(1487, 1, 4, 1, 10, 350),
(1488, 1, 2, 1, 10, 9),
(1489, 1, 1, 1, 10, 412),
(1490, 1, 2, 1, 10, 412),
(1491, 1, 6, 1, 10, 412),
(1492, 1, 1, 1, 10, 264),
(1493, 1, 6, 1, 10, 264),
(1495, 1, 1, 1, 10, 11),
(1496, 1, 6, 1, 10, 11),
(1498, 1, 1, 1, 10, 587),
(1499, 1, 2, 1, 10, 587),
(1500, 1, 6, 1, 10, 587),
(1501, 1, 2, 1, 10, 588),
(1502, 1, 4, 1, 10, 588),
(1504, 1, 1, 1, 10, 589),
(1505, 1, 4, 1, 10, 589),
(1506, 1, 6, 1, 10, 589),
(1507, 1, 2, 1, 10, 590),
(1508, 1, 2, 1, 10, 591),
(1509, 1, 6, 1, 10, 164),
(1510, 1, 1, 1, 10, 414),
(1511, 1, 6, 1, 10, 414),
(1513, 1, 2, 1, 10, 527),
(1514, 1, 2, 1, 10, 528),
(1515, 1, 4, 1, 10, 528),
(1517, 1, 4, 1, 10, 592),
(1518, 1, 2, 1, 10, 15),
(1519, 1, 2, 1, 10, 351),
(1520, 1, 6, 1, 10, 165),
(1521, 1, 2, 1, 10, 352),
(1522, 1, 6, 1, 10, 167),
(1523, 1, 2, 1, 10, 265),
(1524, 1, 2, 1, 10, 266),
(1525, 1, 2, 1, 10, 353),
(1526, 1, 2, 1, 10, 16),
(1527, 1, 4, 1, 10, 415),
(1528, 1, 3, 1, 10, 593),
(1529, 1, 5, 1, 10, 593),
(1531, 1, 6, 1, 10, 80),
(1532, 1, 3, 1, 10, 416),
(1533, 1, 6, 1, 10, 269),
(1534, 1, 6, 1, 10, 418),
(1535, 1, 4, 1, 10, 597),
(1536, 1, 6, 1, 10, 599),
(1537, 1, 4, 1, 10, 419),
(1538, 1, 6, 1, 10, 85),
(1539, 1, 6, 1, 10, 86),
(1540, 1, 6, 1, 10, 87),
(1541, 1, 1, 1, 10, 421),
(1542, 1, 6, 1, 10, 421),
(1544, 1, 6, 1, 10, 422),
(1545, 1, 6, 1, 10, 425),
(1546, 1, 6, 1, 10, 426),
(1547, 1, 6, 1, 10, 427),
(1548, 1, 6, 1, 10, 428),
(1549, 1, 1, 1, 10, 88),
(1550, 1, 6, 1, 10, 88),
(1552, 1, 6, 1, 10, 89),
(1553, 1, 6, 1, 10, 90),
(1554, 1, 1, 1, 10, 429),
(1555, 1, 6, 1, 10, 429),
(1557, 1, 6, 1, 10, 432),
(1558, 1, 6, 1, 10, 270),
(1559, 1, 1, 1, 10, 177),
(1560, 1, 6, 1, 10, 177),
(1562, 1, 6, 1, 10, 178),
(1563, 1, 6, 1, 10, 271),
(1564, 1, 6, 1, 10, 91),
(1565, 1, 6, 1, 10, 92),
(1566, 1, 1, 1, 10, 272),
(1567, 1, 6, 1, 10, 272),
(1569, 1, 6, 1, 10, 273),
(1570, 1, 6, 1, 10, 179),
(1571, 1, 6, 1, 10, 42),
(1572, 1, 6, 1, 10, 436),
(1573, 1, 6, 1, 10, 438),
(1574, 1, 6, 1, 10, 439),
(1575, 1, 6, 1, 10, 274),
(1576, 1, 1, 1, 10, 43),
(1577, 1, 6, 1, 10, 43),
(1579, 1, 1, 1, 10, 357),
(1580, 1, 6, 1, 10, 357),
(1582, 1, 6, 1, 10, 358),
(1583, 1, 6, 1, 10, 360),
(1584, 1, 1, 1, 10, 361),
(1585, 1, 6, 1, 10, 361),
(1587, 1, 6, 1, 10, 362),
(1588, 1, 6, 1, 10, 363),
(1589, 1, 6, 1, 10, 440),
(1590, 1, 6, 1, 10, 601),
(1591, 1, 1, 1, 10, 180),
(1592, 1, 6, 1, 10, 180),
(1594, 1, 6, 1, 10, 181),
(1595, 1, 1, 1, 10, 441),
(1596, 1, 6, 1, 10, 441),
(1598, 1, 6, 1, 10, 442),
(1599, 1, 6, 1, 10, 182),
(1600, 1, 6, 1, 10, 444),
(1601, 1, 6, 1, 10, 445),
(1602, 1, 6, 1, 10, 446),
(1603, 1, 1, 1, 10, 183),
(1604, 1, 6, 1, 10, 183),
(1606, 1, 6, 1, 10, 141),
(1607, 1, 1, 1, 10, 448),
(1608, 1, 6, 1, 10, 448),
(1610, 1, 6, 1, 10, 450),
(1611, 1, 6, 1, 10, 184),
(1612, 1, 6, 1, 10, 185),
(1613, 1, 6, 1, 10, 142),
(1614, 1, 6, 1, 10, 367),
(1615, 1, 6, 1, 10, 368),
(1616, 1, 6, 1, 10, 186),
(1617, 1, 6, 1, 10, 277),
(1618, 1, 6, 1, 10, 453),
(1619, 1, 1, 1, 10, 278),
(1620, 1, 6, 1, 10, 278),
(1622, 1, 1, 1, 10, 45),
(1623, 1, 6, 1, 10, 45),
(1625, 1, 6, 1, 10, 46),
(1626, 1, 6, 1, 10, 95),
(1627, 1, 1, 1, 10, 47),
(1628, 1, 6, 1, 10, 47),
(1630, 1, 1, 1, 10, 280),
(1631, 1, 6, 1, 10, 280),
(1633, 1, 6, 1, 10, 48),
(1634, 1, 6, 1, 10, 49),
(1635, 1, 6, 1, 10, 603),
(1636, 1, 6, 1, 10, 606),
(1637, 1, 6, 1, 10, 187),
(1638, 1, 6, 1, 10, 188),
(1639, 1, 6, 1, 10, 50),
(1640, 1, 6, 1, 10, 189),
(1641, 1, 3, 1, 10, 52),
(1642, 1, 6, 1, 10, 52),
(1644, 1, 6, 1, 10, 53),
(1645, 1, 6, 1, 10, 54),
(1646, 1, 6, 1, 10, 55),
(1647, 1, 6, 1, 10, 56),
(1648, 1, 6, 1, 10, 281),
(1649, 1, 6, 1, 10, 190),
(1650, 1, 6, 1, 10, 282),
(1651, 1, 1, 1, 10, 454),
(1652, 1, 6, 1, 10, 454),
(1654, 1, 6, 1, 10, 455),
(1655, 1, 6, 1, 10, 96),
(1656, 1, 6, 1, 10, 192),
(1657, 1, 6, 1, 10, 283),
(1658, 1, 6, 1, 10, 284),
(1659, 1, 6, 1, 10, 285),
(1660, 1, 6, 1, 10, 374),
(1661, 1, 6, 1, 10, 61),
(1662, 1, 6, 1, 10, 287),
(1663, 1, 6, 1, 10, 288),
(1664, 1, 6, 1, 10, 474),
(1665, 1, 2, 1, 10, 475),
(1666, 1, 2, 1, 10, 193),
(1667, 1, 2, 1, 10, 477),
(1668, 1, 2, 1, 10, 290),
(1669, 1, 2, 1, 10, 375),
(1670, 1, 2, 1, 10, 377),
(1671, 1, 2, 1, 10, 608),
(1672, 1, 1, 1, 10, 203),
(1673, 1, 6, 1, 10, 203),
(1675, 1, 1, 1, 10, 207),
(1676, 1, 6, 1, 10, 207),
(1678, 1, 1, 1, 10, 208),
(1679, 1, 6, 1, 10, 208),
(1681, 1, 1, 1, 10, 210),
(1682, 1, 6, 1, 10, 210),
(1684, 1, 1, 1, 10, 294),
(1685, 1, 6, 1, 10, 294),
(1687, 1, 1, 1, 10, 213),
(1688, 1, 6, 1, 10, 213),
(1690, 1, 1, 1, 10, 611),
(1691, 1, 6, 1, 10, 611),
(1693, 1, 1, 1, 10, 386),
(1694, 1, 6, 1, 10, 386),
(1696, 1, 1, 1, 10, 217),
(1697, 1, 6, 1, 10, 217),
(1699, 1, 6, 1, 10, 100),
(1700, 1, 6, 1, 10, 148),
(1701, 1, 2, 1, 10, 101),
(1702, 1, 6, 1, 10, 101),
(1704, 1, 6, 1, 10, 486),
(1705, 1, 6, 1, 10, 298),
(1706, 1, 2, 1, 10, 102),
(1707, 1, 6, 1, 10, 102),
(1709, 1, 6, 1, 10, 229),
(1710, 1, 6, 1, 10, 104),
(1711, 1, 2, 1, 10, 535),
(1712, 1, 6, 1, 10, 535),
(1714, 1, 6, 1, 10, 537),
(1715, 1, 2, 1, 10, 538),
(1716, 1, 6, 1, 10, 538),
(1718, 1, 6, 1, 10, 106),
(1719, 1, 6, 1, 10, 389),
(1720, 1, 6, 1, 10, 392),
(1721, 1, 2, 1, 10, 340),
(1722, 1, 6, 1, 10, 340),
(1724, 1, 6, 1, 10, 489),
(1725, 1, 1, 1, 10, 110),
(1726, 1, 4, 1, 10, 110),
(1727, 1, 6, 1, 10, 110),
(1728, 1, 2, 1, 10, 492),
(1729, 1, 6, 1, 10, 492),
(1731, 1, 6, 1, 10, 304),
(1732, 1, 2, 1, 10, 113),
(1733, 1, 6, 1, 10, 324),
(1734, 1, 6, 1, 10, 127),
(1735, 1, 6, 1, 10, 130),
(1736, 1, 2, 1, 10, 515),
(1737, 1, 1, 1, 10, 516),
(1738, 1, 6, 1, 10, 516),
(1740, 1, 1, 1, 11, 405),
(1741, 1, 2, 1, 11, 405),
(1742, 1, 4, 1, 11, 405),
(1743, 1, 6, 1, 11, 405),
(1747, 1, 2, 1, 11, 406),
(1748, 1, 2, 1, 11, 407),
(1749, 1, 1, 1, 11, 520),
(1750, 1, 6, 1, 11, 520),
(1752, 1, 1, 1, 11, 137),
(1753, 1, 6, 1, 11, 137),
(1755, 1, 1, 1, 11, 71),
(1756, 1, 6, 1, 11, 71),
(1758, 1, 1, 1, 11, 72),
(1759, 1, 6, 1, 11, 72),
(1761, 1, 2, 1, 11, 408),
(1762, 1, 4, 1, 11, 408),
(1764, 1, 1, 1, 11, 409),
(1765, 1, 2, 1, 11, 409),
(1766, 1, 4, 1, 11, 409),
(1767, 1, 6, 1, 11, 409),
(1771, 1, 2, 1, 11, 410),
(1772, 1, 2, 1, 11, 411),
(1773, 1, 1, 1, 11, 260),
(1774, 1, 2, 1, 11, 260),
(1775, 1, 6, 1, 11, 260),
(1776, 1, 1, 1, 11, 261),
(1777, 1, 6, 1, 11, 261),
(1779, 1, 1, 1, 11, 262),
(1780, 1, 6, 1, 11, 262),
(1782, 1, 1, 1, 11, 335),
(1783, 1, 6, 1, 11, 335),
(1785, 1, 1, 1, 11, 162),
(1786, 1, 6, 1, 11, 162),
(1788, 1, 1, 1, 11, 263),
(1789, 1, 2, 1, 11, 263),
(1790, 1, 6, 1, 11, 263),
(1791, 1, 1, 1, 11, 138),
(1792, 1, 2, 1, 11, 138),
(1793, 1, 4, 1, 11, 138),
(1794, 1, 6, 1, 11, 138),
(1798, 1, 2, 1, 11, 73),
(1799, 1, 1, 1, 11, 521),
(1800, 1, 6, 1, 11, 521),
(1802, 1, 1, 1, 11, 522),
(1803, 1, 6, 1, 11, 522),
(1805, 1, 6, 1, 11, 523),
(1806, 1, 2, 1, 11, 524),
(1807, 1, 4, 1, 11, 524),
(1808, 1, 6, 1, 11, 524),
(1809, 1, 6, 1, 11, 623),
(1810, 1, 1, 1, 11, 624),
(1811, 1, 6, 1, 11, 624),
(1813, 1, 2, 1, 11, 625),
(1814, 1, 1, 1, 11, 8),
(1815, 1, 6, 1, 11, 8),
(1817, 1, 1, 1, 11, 344),
(1818, 1, 6, 1, 11, 344),
(1820, 1, 2, 1, 11, 346),
(1821, 1, 1, 1, 11, 347),
(1822, 1, 2, 1, 11, 347),
(1823, 1, 6, 1, 11, 347),
(1824, 1, 2, 1, 11, 348),
(1825, 1, 2, 1, 11, 349),
(1826, 1, 2, 1, 11, 525),
(1827, 1, 1, 1, 11, 526),
(1828, 1, 2, 1, 11, 526),
(1829, 1, 6, 1, 11, 526),
(1830, 1, 1, 1, 11, 163),
(1831, 1, 6, 1, 11, 163),
(1833, 1, 4, 1, 11, 350),
(1834, 1, 2, 1, 11, 9),
(1835, 1, 1, 1, 11, 412),
(1836, 1, 2, 1, 11, 412),
(1837, 1, 6, 1, 11, 412),
(1838, 1, 1, 1, 11, 264),
(1839, 1, 6, 1, 11, 264),
(1841, 1, 1, 1, 11, 11),
(1842, 1, 6, 1, 11, 11),
(1844, 1, 4, 1, 11, 587),
(1845, 1, 6, 1, 11, 587),
(1847, 1, 2, 1, 11, 588),
(1848, 1, 4, 1, 11, 588),
(1850, 1, 1, 1, 11, 589),
(1851, 1, 4, 1, 11, 589),
(1852, 1, 6, 1, 11, 589),
(1853, 1, 2, 1, 11, 590),
(1854, 1, 2, 1, 11, 591),
(1855, 1, 6, 1, 11, 164),
(1856, 1, 1, 1, 11, 414),
(1857, 1, 6, 1, 11, 414),
(1859, 1, 2, 1, 11, 527),
(1860, 1, 2, 1, 11, 528),
(1861, 1, 4, 1, 11, 528),
(1863, 1, 4, 1, 11, 592),
(1864, 1, 2, 1, 11, 15),
(1865, 1, 2, 1, 11, 351),
(1866, 1, 6, 1, 11, 165),
(1867, 1, 2, 1, 11, 352),
(1868, 1, 6, 1, 11, 167),
(1869, 1, 2, 1, 11, 265),
(1870, 1, 2, 1, 11, 266),
(1871, 1, 2, 1, 11, 353),
(1872, 1, 2, 1, 11, 16),
(1873, 1, 4, 1, 11, 415),
(1874, 1, 3, 1, 11, 593),
(1875, 1, 5, 1, 11, 593),
(1877, 1, 6, 1, 11, 80),
(1878, 1, 3, 1, 11, 416),
(1879, 1, 6, 1, 11, 269),
(1880, 1, 6, 1, 11, 418),
(1881, 1, 4, 1, 11, 597),
(1882, 1, 6, 1, 11, 599),
(1883, 1, 4, 1, 11, 419),
(1884, 1, 6, 1, 11, 85),
(1885, 1, 6, 1, 11, 86),
(1886, 1, 6, 1, 11, 87),
(1887, 1, 1, 1, 11, 421),
(1888, 1, 6, 1, 11, 421),
(1890, 1, 6, 1, 11, 422),
(1891, 1, 6, 1, 11, 425),
(1892, 1, 6, 1, 11, 426),
(1893, 1, 6, 1, 11, 626),
(1894, 1, 6, 1, 11, 627),
(1895, 1, 6, 1, 11, 427),
(1896, 1, 6, 1, 11, 428),
(1897, 1, 1, 1, 11, 88),
(1898, 1, 6, 1, 11, 88),
(1900, 1, 6, 1, 11, 89),
(1901, 1, 6, 1, 11, 90),
(1902, 1, 1, 1, 11, 429),
(1903, 1, 6, 1, 11, 429),
(1905, 1, 6, 1, 11, 432),
(1906, 1, 6, 1, 11, 270),
(1907, 1, 1, 1, 11, 177),
(1908, 1, 6, 1, 11, 177),
(1910, 1, 6, 1, 11, 178),
(1911, 1, 6, 1, 11, 271),
(1912, 1, 6, 1, 11, 91),
(1913, 1, 6, 1, 11, 92),
(1914, 1, 1, 1, 11, 272),
(1915, 1, 6, 1, 11, 272),
(1917, 1, 6, 1, 11, 273),
(1918, 1, 6, 1, 11, 179),
(1919, 1, 6, 1, 11, 42),
(1920, 1, 1, 1, 11, 630),
(1921, 1, 6, 1, 11, 630),
(1923, 1, 6, 1, 11, 436),
(1924, 1, 6, 1, 11, 438),
(1925, 1, 6, 1, 11, 439),
(1926, 1, 6, 1, 11, 274),
(1927, 1, 1, 1, 11, 43),
(1928, 1, 6, 1, 11, 43),
(1930, 1, 1, 1, 11, 357),
(1931, 1, 6, 1, 11, 357),
(1933, 1, 6, 1, 11, 358),
(1934, 1, 6, 1, 11, 360),
(1935, 1, 1, 1, 11, 361),
(1936, 1, 6, 1, 11, 361),
(1938, 1, 6, 1, 11, 362),
(1939, 1, 6, 1, 11, 363),
(1940, 1, 6, 1, 11, 440),
(1941, 1, 6, 1, 11, 601),
(1942, 1, 6, 1, 11, 632),
(1943, 1, 1, 1, 11, 180),
(1944, 1, 6, 1, 11, 180),
(1946, 1, 6, 1, 11, 181),
(1947, 1, 1, 1, 11, 441),
(1948, 1, 6, 1, 11, 441),
(1950, 1, 6, 1, 11, 442),
(1951, 1, 6, 1, 11, 182),
(1952, 1, 6, 1, 11, 444),
(1953, 1, 6, 1, 11, 445),
(1954, 1, 6, 1, 11, 446),
(1955, 1, 1, 1, 11, 183),
(1956, 1, 6, 1, 11, 183),
(1958, 1, 6, 1, 11, 634),
(1959, 1, 6, 1, 11, 635),
(1960, 1, 6, 1, 11, 141),
(1961, 1, 1, 1, 11, 448),
(1962, 1, 6, 1, 11, 448),
(1964, 1, 6, 1, 11, 450),
(1965, 1, 6, 1, 11, 184),
(1966, 1, 6, 1, 11, 637),
(1967, 1, 6, 1, 11, 185),
(1968, 1, 6, 1, 11, 142),
(1969, 1, 6, 1, 11, 367),
(1970, 1, 6, 1, 11, 368),
(1971, 1, 6, 1, 11, 186),
(1972, 1, 6, 1, 11, 277),
(1973, 1, 6, 1, 11, 453),
(1974, 1, 1, 1, 11, 278),
(1975, 1, 6, 1, 11, 278),
(1977, 1, 1, 1, 11, 45),
(1978, 1, 6, 1, 11, 45),
(1980, 1, 6, 1, 11, 46),
(1981, 1, 6, 1, 11, 95),
(1982, 1, 1, 1, 11, 47),
(1983, 1, 6, 1, 11, 47),
(1985, 1, 1, 1, 11, 280),
(1986, 1, 6, 1, 11, 280),
(1988, 1, 6, 1, 11, 48),
(1989, 1, 6, 1, 11, 49),
(1990, 1, 6, 1, 11, 603),
(1991, 1, 6, 1, 11, 606),
(1992, 1, 6, 1, 11, 187),
(1993, 1, 6, 1, 11, 188),
(1994, 1, 6, 1, 11, 50),
(1995, 1, 6, 1, 11, 189),
(1996, 1, 3, 1, 11, 52),
(1997, 1, 6, 1, 11, 52),
(1999, 1, 6, 1, 11, 53),
(2000, 1, 6, 1, 11, 54),
(2001, 1, 6, 1, 11, 55),
(2002, 1, 6, 1, 11, 56),
(2003, 1, 6, 1, 11, 281),
(2004, 1, 6, 1, 11, 190),
(2005, 1, 6, 1, 11, 282),
(2006, 1, 1, 1, 11, 454),
(2007, 1, 6, 1, 11, 454),
(2009, 1, 6, 1, 11, 455),
(2010, 1, 6, 1, 11, 96),
(2011, 1, 6, 1, 11, 192),
(2012, 1, 6, 1, 11, 283),
(2013, 1, 6, 1, 11, 284),
(2014, 1, 6, 1, 11, 285),
(2015, 1, 6, 1, 11, 374),
(2016, 1, 6, 1, 11, 643),
(2017, 1, 6, 1, 11, 61),
(2018, 1, 6, 1, 11, 287),
(2019, 1, 6, 1, 11, 288),
(2020, 1, 6, 1, 11, 474),
(2021, 1, 2, 1, 11, 475),
(2022, 1, 2, 1, 11, 193),
(2023, 1, 2, 1, 11, 477),
(2024, 1, 2, 1, 11, 290),
(2025, 1, 2, 1, 11, 375),
(2026, 1, 2, 1, 11, 377),
(2027, 1, 2, 1, 11, 608),
(2028, 1, 1, 1, 11, 203),
(2029, 1, 6, 1, 11, 203),
(2031, 1, 1, 1, 11, 207),
(2032, 1, 6, 1, 11, 207),
(2034, 1, 1, 1, 11, 208),
(2035, 1, 6, 1, 11, 208),
(2037, 1, 1, 1, 11, 210),
(2038, 1, 6, 1, 11, 210),
(2040, 1, 1, 1, 11, 294),
(2041, 1, 6, 1, 11, 294),
(2043, 1, 1, 1, 11, 213),
(2044, 1, 6, 1, 11, 213),
(2046, 1, 1, 1, 11, 611),
(2047, 1, 6, 1, 11, 611),
(2049, 1, 1, 1, 11, 386),
(2050, 1, 6, 1, 11, 386),
(2052, 1, 1, 1, 11, 217),
(2053, 1, 6, 1, 11, 217),
(2055, 1, 6, 1, 11, 100),
(2056, 1, 6, 1, 11, 148),
(2057, 1, 6, 1, 11, 101),
(2058, 1, 6, 1, 11, 486),
(2059, 1, 6, 1, 11, 298),
(2060, 1, 2, 1, 11, 102),
(2061, 1, 6, 1, 11, 102),
(2063, 1, 6, 1, 11, 229),
(2064, 1, 6, 1, 11, 104),
(2065, 1, 2, 1, 11, 535),
(2066, 1, 6, 1, 11, 535),
(2068, 1, 6, 1, 11, 537),
(2069, 1, 2, 1, 11, 538),
(2070, 1, 6, 1, 11, 538),
(2072, 1, 6, 1, 11, 106),
(2073, 1, 6, 1, 11, 389),
(2074, 1, 6, 1, 11, 392),
(2075, 1, 2, 1, 11, 340),
(2076, 1, 6, 1, 11, 340),
(2078, 1, 6, 1, 11, 489),
(2079, 1, 1, 1, 11, 110),
(2080, 1, 4, 1, 11, 110),
(2081, 1, 6, 1, 11, 110),
(2082, 1, 2, 1, 11, 492),
(2083, 1, 6, 1, 11, 492),
(2085, 1, 6, 1, 11, 304),
(2086, 1, 2, 1, 11, 113),
(2087, 1, 6, 1, 11, 324),
(2088, 1, 6, 1, 11, 127),
(2089, 1, 6, 1, 11, 130),
(2090, 1, 6, 1, 11, 503),
(2091, 1, 2, 1, 11, 515),
(2092, 1, 1, 1, 11, 516),
(2093, 1, 6, 1, 11, 516),
(2095, 1, 1, 1, 12, 405),
(2096, 1, 2, 1, 12, 405),
(2097, 1, 4, 1, 12, 405),
(2098, 1, 6, 1, 12, 405),
(2102, 1, 2, 1, 12, 406),
(2103, 1, 2, 1, 12, 407),
(2104, 1, 1, 1, 12, 520),
(2105, 1, 6, 1, 12, 520),
(2107, 1, 1, 1, 12, 137),
(2108, 1, 6, 1, 12, 137),
(2110, 1, 1, 1, 12, 71),
(2111, 1, 6, 1, 12, 71),
(2113, 1, 1, 1, 12, 72),
(2114, 1, 6, 1, 12, 72),
(2116, 1, 2, 1, 12, 408),
(2117, 1, 4, 1, 12, 408),
(2119, 1, 1, 1, 12, 409),
(2120, 1, 2, 1, 12, 409),
(2121, 1, 4, 1, 12, 409),
(2122, 1, 6, 1, 12, 409),
(2126, 1, 2, 1, 12, 410),
(2127, 1, 2, 1, 12, 411),
(2128, 1, 1, 1, 12, 260),
(2129, 1, 2, 1, 12, 260),
(2130, 1, 6, 1, 12, 260),
(2131, 1, 1, 1, 12, 261),
(2132, 1, 6, 1, 12, 261),
(2134, 1, 1, 1, 12, 262),
(2135, 1, 6, 1, 12, 262),
(2137, 1, 1, 1, 12, 335),
(2138, 1, 6, 1, 12, 335),
(2140, 1, 1, 1, 12, 162),
(2141, 1, 6, 1, 12, 162),
(2143, 1, 1, 1, 12, 263),
(2144, 1, 2, 1, 12, 263),
(2145, 1, 6, 1, 12, 263),
(2146, 1, 1, 1, 12, 138),
(2147, 1, 2, 1, 12, 138),
(2148, 1, 4, 1, 12, 138),
(2149, 1, 6, 1, 12, 138),
(2153, 1, 2, 1, 12, 73),
(2154, 1, 1, 1, 12, 521),
(2155, 1, 6, 1, 12, 521),
(2157, 1, 1, 1, 12, 522),
(2158, 1, 6, 1, 12, 522),
(2160, 1, 6, 1, 12, 523),
(2161, 1, 2, 1, 12, 524),
(2162, 1, 4, 1, 12, 524),
(2163, 1, 6, 1, 12, 524),
(2164, 1, 6, 1, 12, 623),
(2165, 1, 1, 1, 12, 624),
(2166, 1, 2, 1, 12, 624),
(2167, 1, 4, 1, 12, 624),
(2168, 1, 6, 1, 12, 624),
(2172, 1, 1, 1, 12, 668),
(2173, 1, 2, 1, 12, 668),
(2174, 1, 6, 1, 12, 668),
(2175, 1, 1, 1, 12, 669),
(2176, 1, 6, 1, 12, 669),
(2178, 1, 1, 1, 12, 625),
(2179, 1, 6, 1, 12, 625),
(2181, 1, 1, 1, 12, 8),
(2182, 1, 6, 1, 12, 8),
(2184, 1, 1, 1, 12, 344),
(2185, 1, 6, 1, 12, 344),
(2187, 1, 2, 1, 12, 346),
(2188, 1, 1, 1, 12, 347),
(2189, 1, 2, 1, 12, 347),
(2190, 1, 6, 1, 12, 347),
(2191, 1, 2, 1, 12, 348),
(2192, 1, 2, 1, 12, 349),
(2193, 1, 2, 1, 12, 525),
(2194, 1, 1, 1, 12, 526),
(2195, 1, 2, 1, 12, 526),
(2196, 1, 6, 1, 12, 526),
(2197, 1, 1, 1, 12, 163),
(2198, 1, 6, 1, 12, 163),
(2200, 1, 4, 1, 12, 350),
(2201, 1, 2, 1, 12, 9),
(2202, 1, 1, 1, 12, 412),
(2203, 1, 2, 1, 12, 412),
(2204, 1, 6, 1, 12, 412),
(2205, 1, 1, 1, 12, 670),
(2206, 1, 6, 1, 12, 670),
(2208, 1, 1, 1, 12, 264),
(2209, 1, 6, 1, 12, 264),
(2211, 1, 1, 1, 12, 11),
(2212, 1, 6, 1, 12, 11),
(2214, 1, 6, 1, 12, 587),
(2215, 1, 2, 1, 12, 588),
(2216, 1, 4, 1, 12, 588),
(2218, 1, 1, 1, 12, 589),
(2219, 1, 4, 1, 12, 589),
(2220, 1, 6, 1, 12, 589),
(2221, 1, 2, 1, 12, 590),
(2222, 1, 2, 1, 12, 591),
(2223, 1, 6, 1, 12, 164),
(2224, 1, 1, 1, 12, 414),
(2225, 1, 6, 1, 12, 414),
(2227, 1, 2, 1, 12, 527),
(2228, 1, 2, 1, 12, 528),
(2229, 1, 4, 1, 12, 528),
(2231, 1, 4, 1, 12, 592),
(2232, 1, 2, 1, 12, 15),
(2233, 1, 2, 1, 12, 671),
(2234, 1, 4, 1, 12, 671),
(2236, 1, 2, 1, 12, 672),
(2237, 1, 4, 1, 12, 672),
(2239, 1, 2, 1, 12, 351),
(2240, 1, 6, 1, 12, 165),
(2241, 1, 2, 1, 12, 352),
(2242, 1, 6, 1, 12, 167),
(2243, 1, 2, 1, 12, 265),
(2244, 1, 2, 1, 12, 266),
(2245, 1, 2, 1, 12, 353),
(2246, 1, 2, 1, 12, 16),
(2247, 1, 4, 1, 12, 415),
(2248, 1, 3, 1, 12, 593),
(2249, 1, 5, 1, 12, 593),
(2251, 1, 6, 1, 12, 80),
(2252, 1, 3, 1, 12, 416),
(2253, 1, 6, 1, 12, 269),
(2254, 1, 6, 1, 12, 418),
(2255, 1, 2, 1, 12, 596),
(2256, 1, 4, 1, 12, 597),
(2257, 1, 6, 1, 12, 599),
(2258, 1, 4, 1, 12, 419),
(2259, 1, 6, 1, 12, 85),
(2260, 1, 6, 1, 12, 86),
(2261, 1, 6, 1, 12, 87),
(2262, 1, 1, 1, 12, 421),
(2263, 1, 6, 1, 12, 421),
(2265, 1, 6, 1, 12, 422),
(2266, 1, 6, 1, 12, 425),
(2267, 1, 6, 1, 12, 426),
(2268, 1, 6, 1, 12, 626),
(2269, 1, 6, 1, 12, 627),
(2270, 1, 6, 1, 12, 427),
(2271, 1, 6, 1, 12, 674),
(2272, 1, 6, 1, 12, 675),
(2273, 1, 6, 1, 12, 428),
(2274, 1, 1, 1, 12, 88),
(2275, 1, 6, 1, 12, 88),
(2277, 1, 6, 1, 12, 89),
(2278, 1, 6, 1, 12, 90),
(2279, 1, 1, 1, 12, 429),
(2280, 1, 6, 1, 12, 429),
(2282, 1, 6, 1, 12, 432),
(2283, 1, 6, 1, 12, 270),
(2284, 1, 1, 1, 12, 177),
(2285, 1, 6, 1, 12, 177),
(2287, 1, 6, 1, 12, 178),
(2288, 1, 6, 1, 12, 271),
(2289, 1, 6, 1, 12, 91),
(2290, 1, 6, 1, 12, 92),
(2291, 1, 6, 1, 12, 677),
(2292, 1, 1, 1, 12, 272),
(2293, 1, 6, 1, 12, 272),
(2295, 1, 6, 1, 12, 273),
(2296, 1, 6, 1, 12, 179),
(2297, 1, 6, 1, 12, 42),
(2298, 1, 1, 1, 12, 630),
(2299, 1, 6, 1, 12, 630),
(2301, 1, 6, 1, 12, 436),
(2302, 1, 6, 1, 12, 438),
(2303, 1, 6, 1, 12, 439),
(2304, 1, 6, 1, 12, 274),
(2305, 1, 1, 1, 12, 43),
(2306, 1, 6, 1, 12, 43),
(2308, 1, 1, 1, 12, 357),
(2309, 1, 6, 1, 12, 357),
(2311, 1, 6, 1, 12, 358),
(2312, 1, 6, 1, 12, 360),
(2313, 1, 1, 1, 12, 361),
(2314, 1, 6, 1, 12, 361),
(2316, 1, 6, 1, 12, 362),
(2317, 1, 6, 1, 12, 363),
(2318, 1, 6, 1, 12, 440),
(2319, 1, 6, 1, 12, 601),
(2320, 1, 6, 1, 12, 632),
(2321, 1, 1, 1, 12, 180),
(2322, 1, 6, 1, 12, 180),
(2324, 1, 6, 1, 12, 181),
(2325, 1, 1, 1, 12, 441),
(2326, 1, 6, 1, 12, 441),
(2328, 1, 6, 1, 12, 442),
(2329, 1, 6, 1, 12, 682),
(2330, 1, 6, 1, 12, 683),
(2331, 1, 6, 1, 12, 443),
(2332, 1, 6, 1, 12, 182),
(2333, 1, 6, 1, 12, 444),
(2334, 1, 6, 1, 12, 445),
(2335, 1, 6, 1, 12, 446),
(2336, 1, 1, 1, 12, 183),
(2337, 1, 6, 1, 12, 183),
(2339, 1, 3, 1, 12, 689),
(2340, 1, 6, 1, 12, 689),
(2342, 1, 6, 1, 12, 690),
(2343, 1, 6, 1, 12, 691),
(2344, 1, 3, 1, 12, 693),
(2345, 1, 6, 1, 12, 693),
(2347, 1, 6, 1, 12, 694),
(2348, 1, 6, 1, 12, 635),
(2349, 1, 6, 1, 12, 697),
(2350, 1, 6, 1, 12, 700),
(2351, 1, 6, 1, 12, 701),
(2352, 1, 6, 1, 12, 141),
(2353, 1, 1, 1, 12, 448),
(2354, 1, 6, 1, 12, 448),
(2356, 1, 6, 1, 12, 703),
(2357, 1, 6, 1, 12, 450),
(2358, 1, 6, 1, 12, 184),
(2359, 1, 1, 1, 12, 704),
(2360, 1, 6, 1, 12, 704),
(2362, 1, 6, 1, 12, 637),
(2363, 1, 6, 1, 12, 185),
(2364, 1, 1, 1, 12, 705),
(2365, 1, 6, 1, 12, 705),
(2367, 1, 6, 1, 12, 142),
(2368, 1, 6, 1, 12, 367),
(2369, 1, 6, 1, 12, 368),
(2370, 1, 6, 1, 12, 706),
(2371, 1, 6, 1, 12, 186),
(2372, 1, 6, 1, 12, 708),
(2373, 1, 6, 1, 12, 277),
(2374, 1, 6, 1, 12, 453),
(2375, 1, 1, 1, 12, 278),
(2376, 1, 6, 1, 12, 278),
(2378, 1, 1, 1, 12, 45),
(2379, 1, 6, 1, 12, 45),
(2381, 1, 6, 1, 12, 46),
(2382, 1, 6, 1, 12, 95),
(2383, 1, 1, 1, 12, 47),
(2384, 1, 6, 1, 12, 47),
(2386, 1, 1, 1, 12, 280),
(2387, 1, 6, 1, 12, 280),
(2389, 1, 6, 1, 12, 48),
(2390, 1, 6, 1, 12, 49),
(2391, 1, 6, 1, 12, 603),
(2392, 1, 6, 1, 12, 606),
(2393, 1, 6, 1, 12, 187),
(2394, 1, 6, 1, 12, 188),
(2395, 1, 6, 1, 12, 50),
(2396, 1, 6, 1, 12, 189),
(2397, 1, 3, 1, 12, 52),
(2398, 1, 6, 1, 12, 52),
(2400, 1, 6, 1, 12, 53),
(2401, 1, 6, 1, 12, 54),
(2402, 1, 6, 1, 12, 55),
(2403, 1, 6, 1, 12, 56),
(2404, 1, 6, 1, 12, 281),
(2405, 1, 6, 1, 12, 190),
(2406, 1, 6, 1, 12, 282),
(2407, 1, 1, 1, 12, 454),
(2408, 1, 6, 1, 12, 454),
(2410, 1, 6, 1, 12, 455),
(2411, 1, 6, 1, 12, 96),
(2412, 1, 6, 1, 12, 192),
(2413, 1, 6, 1, 12, 713),
(2414, 1, 6, 1, 12, 283),
(2415, 1, 6, 1, 12, 284),
(2416, 1, 6, 1, 12, 285),
(2417, 1, 6, 1, 12, 374),
(2418, 1, 6, 1, 12, 643),
(2419, 1, 6, 1, 12, 61),
(2420, 1, 6, 1, 12, 287),
(2421, 1, 6, 1, 12, 288),
(2422, 1, 6, 1, 12, 474),
(2423, 1, 2, 1, 12, 475),
(2424, 1, 2, 1, 12, 193),
(2425, 1, 2, 1, 12, 477),
(2426, 1, 2, 1, 12, 290),
(2427, 1, 2, 1, 12, 375),
(2428, 1, 2, 1, 12, 377),
(2429, 1, 2, 1, 12, 608),
(2430, 1, 1, 1, 12, 203),
(2431, 1, 6, 1, 12, 203),
(2433, 1, 1, 1, 12, 207),
(2434, 1, 6, 1, 12, 207),
(2436, 1, 1, 1, 12, 208),
(2437, 1, 6, 1, 12, 208),
(2439, 1, 1, 1, 12, 645),
(2440, 1, 6, 1, 12, 645),
(2442, 1, 1, 1, 12, 210),
(2443, 1, 6, 1, 12, 210),
(2445, 1, 1, 1, 12, 294),
(2446, 1, 6, 1, 12, 294),
(2448, 1, 1, 1, 12, 213),
(2449, 1, 6, 1, 12, 213),
(2451, 1, 1, 1, 12, 611),
(2452, 1, 6, 1, 12, 611),
(2454, 1, 1, 1, 12, 386),
(2455, 1, 6, 1, 12, 386),
(2457, 1, 1, 1, 12, 217),
(2458, 1, 6, 1, 12, 217),
(2460, 1, 6, 1, 12, 100),
(2461, 1, 6, 1, 12, 148),
(2462, 1, 6, 1, 12, 101),
(2463, 1, 6, 1, 12, 486),
(2464, 1, 6, 1, 12, 298),
(2465, 1, 2, 1, 12, 102),
(2466, 1, 6, 1, 12, 102),
(2468, 1, 6, 1, 12, 229),
(2469, 1, 6, 1, 12, 104),
(2470, 1, 2, 1, 12, 535),
(2471, 1, 6, 1, 12, 535),
(2473, 1, 6, 1, 12, 537),
(2474, 1, 2, 1, 12, 538),
(2475, 1, 6, 1, 12, 538),
(2477, 1, 6, 1, 12, 106),
(2478, 1, 6, 1, 12, 389),
(2479, 1, 6, 1, 12, 392),
(2480, 1, 2, 1, 12, 340),
(2481, 1, 6, 1, 12, 340),
(2483, 1, 6, 1, 12, 489),
(2484, 1, 1, 1, 12, 110),
(2485, 1, 2, 1, 12, 110),
(2486, 1, 6, 1, 12, 110),
(2487, 1, 2, 1, 12, 492),
(2488, 1, 6, 1, 12, 492),
(2490, 1, 6, 1, 12, 304),
(2491, 1, 2, 1, 12, 113),
(2492, 1, 6, 1, 12, 324),
(2493, 1, 6, 1, 12, 127),
(2494, 1, 6, 1, 12, 130),
(2495, 1, 6, 1, 12, 503),
(2496, 1, 2, 1, 12, 515),
(2497, 1, 1, 1, 12, 516),
(2498, 1, 6, 1, 12, 516),
(2500, 1, 1, 1, 13, 405),
(2501, 1, 2, 1, 13, 405),
(2502, 1, 4, 1, 13, 405),
(2503, 1, 6, 1, 13, 405),
(2507, 1, 2, 1, 13, 406),
(2508, 1, 2, 1, 13, 407),
(2509, 1, 1, 1, 13, 520),
(2510, 1, 6, 1, 13, 520),
(2512, 1, 1, 1, 13, 137),
(2513, 1, 6, 1, 13, 137),
(2515, 1, 1, 1, 13, 71),
(2516, 1, 4, 1, 13, 71),
(2517, 1, 6, 1, 13, 71),
(2518, 1, 1, 1, 13, 72),
(2519, 1, 6, 1, 13, 72),
(2521, 1, 2, 1, 13, 408),
(2522, 1, 4, 1, 13, 408),
(2524, 1, 1, 1, 13, 409),
(2525, 1, 2, 1, 13, 409),
(2526, 1, 4, 1, 13, 409),
(2527, 1, 6, 1, 13, 409),
(2531, 1, 2, 1, 13, 410),
(2532, 1, 2, 1, 13, 411),
(2533, 1, 1, 1, 13, 260),
(2534, 1, 2, 1, 13, 260),
(2535, 1, 6, 1, 13, 260),
(2536, 1, 1, 1, 13, 261),
(2537, 1, 6, 1, 13, 261),
(2539, 1, 1, 1, 13, 262),
(2540, 1, 6, 1, 13, 262),
(2542, 1, 1, 1, 13, 335),
(2543, 1, 4, 1, 13, 335),
(2544, 1, 6, 1, 13, 335),
(2545, 1, 1, 1, 13, 162),
(2546, 1, 6, 1, 13, 162),
(2548, 1, 1, 1, 13, 263),
(2549, 1, 2, 1, 13, 263),
(2550, 1, 6, 1, 13, 263),
(2551, 1, 1, 1, 13, 138),
(2552, 1, 2, 1, 13, 138),
(2553, 1, 6, 1, 13, 138),
(2554, 1, 2, 1, 13, 73),
(2555, 1, 1, 1, 13, 521),
(2556, 1, 6, 1, 13, 521),
(2558, 1, 1, 1, 13, 522),
(2559, 1, 6, 1, 13, 522),
(2561, 1, 6, 1, 13, 523),
(2562, 1, 2, 1, 13, 524),
(2563, 1, 4, 1, 13, 524),
(2564, 1, 6, 1, 13, 524),
(2565, 1, 6, 1, 13, 623),
(2566, 1, 1, 1, 13, 624),
(2567, 1, 2, 1, 13, 624),
(2568, 1, 4, 1, 13, 624),
(2569, 1, 6, 1, 13, 624),
(2573, 1, 1, 1, 13, 668),
(2574, 1, 2, 1, 13, 668),
(2575, 1, 6, 1, 13, 668),
(2576, 1, 1, 1, 13, 669),
(2577, 1, 6, 1, 13, 669),
(2579, 1, 1, 1, 13, 625),
(2580, 1, 6, 1, 13, 625),
(2582, 1, 1, 1, 13, 8),
(2583, 1, 6, 1, 13, 8),
(2585, 1, 1, 1, 13, 344),
(2586, 1, 6, 1, 13, 344),
(2588, 1, 2, 1, 13, 346),
(2589, 1, 1, 1, 13, 347),
(2590, 1, 2, 1, 13, 347),
(2591, 1, 6, 1, 13, 347),
(2592, 1, 2, 1, 13, 348),
(2593, 1, 2, 1, 13, 349),
(2594, 1, 2, 1, 13, 525),
(2595, 1, 1, 1, 13, 526),
(2596, 1, 2, 1, 13, 526),
(2597, 1, 6, 1, 13, 526),
(2598, 1, 1, 1, 13, 163),
(2599, 1, 6, 1, 13, 163),
(2601, 1, 4, 1, 13, 350),
(2602, 1, 2, 1, 13, 9),
(2603, 1, 1, 1, 13, 412),
(2604, 1, 2, 1, 13, 412),
(2605, 1, 6, 1, 13, 412),
(2606, 1, 1, 1, 13, 670),
(2607, 1, 6, 1, 13, 670),
(2609, 1, 1, 1, 13, 264),
(2610, 1, 6, 1, 13, 264),
(2612, 1, 1, 1, 13, 11),
(2613, 1, 6, 1, 13, 11),
(2615, 1, 6, 1, 13, 587),
(2616, 1, 2, 1, 13, 588),
(2617, 1, 4, 1, 13, 588),
(2619, 1, 1, 1, 13, 589),
(2620, 1, 4, 1, 13, 589),
(2621, 1, 6, 1, 13, 589),
(2622, 1, 2, 1, 13, 590),
(2623, 1, 2, 1, 13, 591),
(2624, 1, 6, 1, 13, 164),
(2625, 1, 1, 1, 13, 786),
(2626, 1, 2, 1, 13, 786),
(2627, 1, 4, 1, 13, 786),
(2628, 1, 6, 1, 13, 786),
(2632, 1, 2, 1, 13, 787),
(2633, 1, 2, 1, 13, 788),
(2634, 1, 1, 1, 13, 414),
(2635, 1, 6, 1, 13, 414),
(2637, 1, 2, 1, 13, 527),
(2638, 1, 2, 1, 13, 528),
(2639, 1, 4, 1, 13, 528),
(2641, 1, 4, 1, 13, 592),
(2642, 1, 2, 1, 13, 15),
(2643, 1, 2, 1, 13, 789),
(2644, 1, 2, 1, 13, 671),
(2645, 1, 4, 1, 13, 671),
(2647, 1, 2, 1, 13, 672),
(2648, 1, 4, 1, 13, 672),
(2650, 1, 2, 1, 13, 351),
(2651, 1, 6, 1, 13, 165),
(2652, 1, 2, 1, 13, 352),
(2653, 1, 6, 1, 13, 167),
(2654, 1, 2, 1, 13, 265),
(2655, 1, 2, 1, 13, 266),
(2656, 1, 2, 1, 13, 353),
(2657, 1, 2, 1, 13, 16);
INSERT INTO `F_Scenario_Class` (`idScenarioFact`, `quantity_Scenario`, `D_Scenario_Clean_Code_idScenario`, `D_Project_idProject`, `D_Release_idRelease`, `D_Class_idClass`) VALUES
(2658, 1, 4, 1, 13, 415),
(2659, 1, 3, 1, 13, 593),
(2660, 1, 5, 1, 13, 593),
(2662, 1, 6, 1, 13, 80),
(2663, 1, 3, 1, 13, 416),
(2664, 1, 6, 1, 13, 269),
(2665, 1, 6, 1, 13, 418),
(2666, 1, 2, 1, 13, 596),
(2667, 1, 4, 1, 13, 597),
(2668, 1, 6, 1, 13, 599),
(2669, 1, 4, 1, 13, 419),
(2670, 1, 6, 1, 13, 85),
(2671, 1, 6, 1, 13, 86),
(2672, 1, 6, 1, 13, 87),
(2673, 1, 1, 1, 13, 421),
(2674, 1, 6, 1, 13, 421),
(2676, 1, 6, 1, 13, 422),
(2677, 1, 6, 1, 13, 425),
(2678, 1, 1, 1, 13, 793),
(2679, 1, 6, 1, 13, 793),
(2681, 1, 6, 1, 13, 426),
(2682, 1, 6, 1, 13, 626),
(2683, 1, 6, 1, 13, 627),
(2684, 1, 6, 1, 13, 427),
(2685, 1, 6, 1, 13, 674),
(2686, 1, 6, 1, 13, 675),
(2687, 1, 6, 1, 13, 428),
(2688, 1, 1, 1, 13, 88),
(2689, 1, 6, 1, 13, 88),
(2691, 1, 6, 1, 13, 89),
(2692, 1, 6, 1, 13, 90),
(2693, 1, 1, 1, 13, 429),
(2694, 1, 6, 1, 13, 429),
(2696, 1, 6, 1, 13, 432),
(2697, 1, 6, 1, 13, 270),
(2698, 1, 1, 1, 13, 177),
(2699, 1, 6, 1, 13, 177),
(2701, 1, 6, 1, 13, 178),
(2702, 1, 6, 1, 13, 271),
(2703, 1, 6, 1, 13, 91),
(2704, 1, 6, 1, 13, 92),
(2705, 1, 6, 1, 13, 677),
(2706, 1, 1, 1, 13, 272),
(2707, 1, 6, 1, 13, 272),
(2709, 1, 6, 1, 13, 273),
(2710, 1, 6, 1, 13, 179),
(2711, 1, 6, 1, 13, 795),
(2712, 1, 6, 1, 13, 42),
(2713, 1, 1, 1, 13, 630),
(2714, 1, 6, 1, 13, 630),
(2716, 1, 6, 1, 13, 436),
(2717, 1, 6, 1, 13, 438),
(2718, 1, 6, 1, 13, 439),
(2719, 1, 6, 1, 13, 274),
(2720, 1, 1, 1, 13, 43),
(2721, 1, 6, 1, 13, 43),
(2723, 1, 1, 1, 13, 357),
(2724, 1, 6, 1, 13, 357),
(2726, 1, 6, 1, 13, 358),
(2727, 1, 6, 1, 13, 360),
(2728, 1, 1, 1, 13, 361),
(2729, 1, 6, 1, 13, 361),
(2731, 1, 6, 1, 13, 362),
(2732, 1, 6, 1, 13, 363),
(2733, 1, 6, 1, 13, 440),
(2734, 1, 6, 1, 13, 601),
(2735, 1, 6, 1, 13, 632),
(2736, 1, 1, 1, 13, 180),
(2737, 1, 6, 1, 13, 180),
(2739, 1, 6, 1, 13, 181),
(2740, 1, 1, 1, 13, 441),
(2741, 1, 6, 1, 13, 441),
(2743, 1, 6, 1, 13, 442),
(2744, 1, 6, 1, 13, 682),
(2745, 1, 6, 1, 13, 683),
(2746, 1, 6, 1, 13, 443),
(2747, 1, 6, 1, 13, 182),
(2748, 1, 6, 1, 13, 444),
(2749, 1, 6, 1, 13, 445),
(2750, 1, 6, 1, 13, 446),
(2751, 1, 1, 1, 13, 183),
(2752, 1, 6, 1, 13, 183),
(2754, 1, 3, 1, 13, 689),
(2755, 1, 6, 1, 13, 689),
(2757, 1, 6, 1, 13, 690),
(2758, 1, 6, 1, 13, 691),
(2759, 1, 3, 1, 13, 693),
(2760, 1, 6, 1, 13, 693),
(2762, 1, 6, 1, 13, 694),
(2763, 1, 6, 1, 13, 635),
(2764, 1, 6, 1, 13, 697),
(2765, 1, 6, 1, 13, 700),
(2766, 1, 6, 1, 13, 701),
(2767, 1, 6, 1, 13, 141),
(2768, 1, 1, 1, 13, 448),
(2769, 1, 6, 1, 13, 448),
(2771, 1, 6, 1, 13, 703),
(2772, 1, 6, 1, 13, 450),
(2773, 1, 6, 1, 13, 184),
(2774, 1, 1, 1, 13, 704),
(2775, 1, 6, 1, 13, 704),
(2777, 1, 6, 1, 13, 637),
(2778, 1, 6, 1, 13, 185),
(2779, 1, 1, 1, 13, 705),
(2780, 1, 6, 1, 13, 705),
(2782, 1, 6, 1, 13, 142),
(2783, 1, 6, 1, 13, 367),
(2784, 1, 6, 1, 13, 368),
(2785, 1, 6, 1, 13, 706),
(2786, 1, 6, 1, 13, 186),
(2787, 1, 6, 1, 13, 708),
(2788, 1, 6, 1, 13, 277),
(2789, 1, 6, 1, 13, 453),
(2790, 1, 6, 1, 13, 799),
(2791, 1, 1, 1, 13, 278),
(2792, 1, 6, 1, 13, 278),
(2794, 1, 1, 1, 13, 45),
(2795, 1, 6, 1, 13, 45),
(2797, 1, 6, 1, 13, 46),
(2798, 1, 6, 1, 13, 95),
(2799, 1, 1, 1, 13, 47),
(2800, 1, 6, 1, 13, 47),
(2802, 1, 1, 1, 13, 280),
(2803, 1, 6, 1, 13, 280),
(2805, 1, 6, 1, 13, 48),
(2806, 1, 6, 1, 13, 49),
(2807, 1, 1, 1, 13, 603),
(2808, 1, 6, 1, 13, 603),
(2810, 1, 6, 1, 13, 606),
(2811, 1, 6, 1, 13, 187),
(2812, 1, 6, 1, 13, 188),
(2813, 1, 6, 1, 13, 50),
(2814, 1, 6, 1, 13, 189),
(2815, 1, 6, 1, 13, 800),
(2816, 1, 3, 1, 13, 52),
(2817, 1, 6, 1, 13, 52),
(2819, 1, 6, 1, 13, 53),
(2820, 1, 6, 1, 13, 54),
(2821, 1, 6, 1, 13, 55),
(2822, 1, 6, 1, 13, 56),
(2823, 1, 6, 1, 13, 281),
(2824, 1, 6, 1, 13, 190),
(2825, 1, 6, 1, 13, 801),
(2826, 1, 6, 1, 13, 282),
(2827, 1, 1, 1, 13, 454),
(2828, 1, 6, 1, 13, 454),
(2830, 1, 6, 1, 13, 455),
(2831, 1, 6, 1, 13, 96),
(2832, 1, 6, 1, 13, 192),
(2833, 1, 6, 1, 13, 607),
(2834, 1, 6, 1, 13, 713),
(2835, 1, 6, 1, 13, 283),
(2836, 1, 6, 1, 13, 284),
(2837, 1, 6, 1, 13, 285),
(2838, 1, 6, 1, 13, 374),
(2839, 1, 6, 1, 13, 643),
(2840, 1, 6, 1, 13, 61),
(2841, 1, 6, 1, 13, 287),
(2842, 1, 6, 1, 13, 288),
(2843, 1, 6, 1, 13, 474),
(2844, 1, 2, 1, 13, 475),
(2845, 1, 2, 1, 13, 193),
(2846, 1, 2, 1, 13, 477),
(2847, 1, 2, 1, 13, 290),
(2848, 1, 2, 1, 13, 375),
(2849, 1, 2, 1, 13, 377),
(2850, 1, 2, 1, 13, 608),
(2851, 1, 4, 1, 13, 610),
(2852, 1, 1, 1, 13, 203),
(2853, 1, 6, 1, 13, 203),
(2855, 1, 1, 1, 13, 207),
(2856, 1, 6, 1, 13, 207),
(2858, 1, 1, 1, 13, 208),
(2859, 1, 6, 1, 13, 208),
(2861, 1, 1, 1, 13, 645),
(2862, 1, 6, 1, 13, 645),
(2864, 1, 1, 1, 13, 210),
(2865, 1, 6, 1, 13, 210),
(2867, 1, 1, 1, 13, 294),
(2868, 1, 6, 1, 13, 294),
(2870, 1, 1, 1, 13, 213),
(2871, 1, 6, 1, 13, 213),
(2873, 1, 1, 1, 13, 611),
(2874, 1, 6, 1, 13, 611),
(2876, 1, 1, 1, 13, 386),
(2877, 1, 6, 1, 13, 386),
(2879, 1, 1, 1, 13, 217),
(2880, 1, 6, 1, 13, 217),
(2882, 1, 6, 1, 13, 100),
(2883, 1, 6, 1, 13, 148),
(2884, 1, 6, 1, 13, 101),
(2885, 1, 6, 1, 13, 486),
(2886, 1, 6, 1, 13, 298),
(2887, 1, 2, 1, 13, 102),
(2888, 1, 6, 1, 13, 102),
(2890, 1, 6, 1, 13, 229),
(2891, 1, 6, 1, 13, 104),
(2892, 1, 2, 1, 13, 535),
(2893, 1, 6, 1, 13, 535),
(2895, 1, 6, 1, 13, 537),
(2896, 1, 2, 1, 13, 538),
(2897, 1, 6, 1, 13, 538),
(2899, 1, 6, 1, 13, 106),
(2900, 1, 6, 1, 13, 389),
(2901, 1, 6, 1, 13, 392),
(2902, 1, 2, 1, 13, 340),
(2903, 1, 6, 1, 13, 340),
(2905, 1, 6, 1, 13, 489),
(2906, 1, 1, 1, 13, 110),
(2907, 1, 2, 1, 13, 110),
(2908, 1, 6, 1, 13, 110),
(2909, 1, 2, 1, 13, 492),
(2910, 1, 6, 1, 13, 492),
(2912, 1, 6, 1, 13, 304),
(2913, 1, 6, 1, 13, 324),
(2914, 1, 6, 1, 13, 127),
(2915, 1, 2, 1, 13, 128),
(2916, 1, 6, 1, 13, 128),
(2918, 1, 6, 1, 13, 130),
(2919, 1, 6, 1, 13, 503),
(2920, 1, 2, 1, 13, 515),
(2921, 1, 1, 1, 13, 516),
(2922, 1, 6, 1, 13, 516),
(2924, 1, 1, 1, 14, 405),
(2925, 1, 2, 1, 14, 405),
(2926, 1, 4, 1, 14, 405),
(2927, 1, 6, 1, 14, 405),
(2931, 1, 2, 1, 14, 406),
(2932, 1, 2, 1, 14, 407),
(2933, 1, 1, 1, 14, 520),
(2934, 1, 6, 1, 14, 520),
(2936, 1, 1, 1, 14, 137),
(2937, 1, 6, 1, 14, 137),
(2939, 1, 1, 1, 14, 71),
(2940, 1, 6, 1, 14, 71),
(2942, 1, 1, 1, 14, 72),
(2943, 1, 6, 1, 14, 72),
(2945, 1, 2, 1, 14, 408),
(2946, 1, 4, 1, 14, 408),
(2948, 1, 1, 1, 14, 409),
(2949, 1, 2, 1, 14, 409),
(2950, 1, 4, 1, 14, 409),
(2951, 1, 6, 1, 14, 409),
(2955, 1, 2, 1, 14, 410),
(2956, 1, 2, 1, 14, 411),
(2957, 1, 1, 1, 14, 260),
(2958, 1, 2, 1, 14, 260),
(2959, 1, 6, 1, 14, 260),
(2960, 1, 1, 1, 14, 261),
(2961, 1, 2, 1, 14, 261),
(2962, 1, 4, 1, 14, 261),
(2963, 1, 6, 1, 14, 261),
(2967, 1, 1, 1, 14, 262),
(2968, 1, 4, 1, 14, 262),
(2969, 1, 6, 1, 14, 262),
(2970, 1, 1, 1, 14, 335),
(2971, 1, 4, 1, 14, 335),
(2972, 1, 6, 1, 14, 335),
(2973, 1, 1, 1, 14, 162),
(2974, 1, 6, 1, 14, 162),
(2976, 1, 1, 1, 14, 263),
(2977, 1, 2, 1, 14, 263),
(2978, 1, 6, 1, 14, 263),
(2979, 1, 1, 1, 14, 138),
(2980, 1, 2, 1, 14, 138),
(2981, 1, 6, 1, 14, 138),
(2982, 1, 2, 1, 14, 73),
(2983, 1, 1, 1, 14, 521),
(2984, 1, 6, 1, 14, 521),
(2986, 1, 1, 1, 14, 522),
(2987, 1, 6, 1, 14, 522),
(2989, 1, 6, 1, 14, 523),
(2990, 1, 2, 1, 14, 524),
(2991, 1, 4, 1, 14, 524),
(2992, 1, 6, 1, 14, 524),
(2993, 1, 6, 1, 14, 623),
(2994, 1, 1, 1, 14, 624),
(2995, 1, 2, 1, 14, 624),
(2996, 1, 4, 1, 14, 624),
(2997, 1, 6, 1, 14, 624),
(3001, 1, 1, 1, 14, 668),
(3002, 1, 6, 1, 14, 668),
(3004, 1, 1, 1, 14, 669),
(3005, 1, 6, 1, 14, 669),
(3007, 1, 1, 1, 14, 625),
(3008, 1, 6, 1, 14, 625),
(3010, 1, 1, 1, 14, 8),
(3011, 1, 6, 1, 14, 8),
(3013, 1, 1, 1, 14, 344),
(3014, 1, 6, 1, 14, 344),
(3016, 1, 2, 1, 14, 345),
(3017, 1, 2, 1, 14, 346),
(3018, 1, 1, 1, 14, 347),
(3019, 1, 2, 1, 14, 347),
(3020, 1, 6, 1, 14, 347),
(3021, 1, 2, 1, 14, 348),
(3022, 1, 2, 1, 14, 349),
(3023, 1, 2, 1, 14, 525),
(3024, 1, 1, 1, 14, 526),
(3025, 1, 2, 1, 14, 526),
(3026, 1, 6, 1, 14, 526),
(3027, 1, 1, 1, 14, 163),
(3028, 1, 6, 1, 14, 163),
(3030, 1, 4, 1, 14, 350),
(3031, 1, 2, 1, 14, 9),
(3032, 1, 1, 1, 14, 412),
(3033, 1, 2, 1, 14, 412),
(3034, 1, 6, 1, 14, 412),
(3035, 1, 1, 1, 14, 670),
(3036, 1, 6, 1, 14, 670),
(3038, 1, 1, 1, 14, 264),
(3039, 1, 2, 1, 14, 264),
(3040, 1, 6, 1, 14, 264),
(3041, 1, 1, 1, 14, 11),
(3042, 1, 6, 1, 14, 11),
(3044, 1, 6, 1, 14, 587),
(3045, 1, 2, 1, 14, 588),
(3046, 1, 4, 1, 14, 588),
(3048, 1, 1, 1, 14, 589),
(3049, 1, 4, 1, 14, 589),
(3050, 1, 6, 1, 14, 589),
(3051, 1, 2, 1, 14, 590),
(3052, 1, 2, 1, 14, 591),
(3053, 1, 1, 1, 14, 164),
(3054, 1, 2, 1, 14, 164),
(3055, 1, 6, 1, 14, 164),
(3056, 1, 6, 1, 14, 825),
(3057, 1, 1, 1, 14, 786),
(3058, 1, 4, 1, 14, 786),
(3059, 1, 6, 1, 14, 786),
(3060, 1, 2, 1, 14, 787),
(3061, 1, 2, 1, 14, 788),
(3062, 1, 1, 1, 14, 414),
(3063, 1, 6, 1, 14, 414),
(3065, 1, 2, 1, 14, 527),
(3066, 1, 2, 1, 14, 528),
(3067, 1, 4, 1, 14, 528),
(3069, 1, 4, 1, 14, 592),
(3070, 1, 2, 1, 14, 15),
(3071, 1, 2, 1, 14, 789),
(3072, 1, 2, 1, 14, 671),
(3073, 1, 4, 1, 14, 671),
(3075, 1, 2, 1, 14, 672),
(3076, 1, 4, 1, 14, 672),
(3078, 1, 2, 1, 14, 351),
(3079, 1, 4, 1, 14, 351),
(3081, 1, 6, 1, 14, 165),
(3082, 1, 6, 1, 14, 167),
(3083, 1, 2, 1, 14, 265),
(3084, 1, 2, 1, 14, 266),
(3085, 1, 6, 1, 14, 790),
(3086, 1, 2, 1, 14, 353),
(3087, 1, 2, 1, 14, 16),
(3088, 1, 3, 1, 14, 593),
(3089, 1, 5, 1, 14, 593),
(3091, 1, 6, 1, 14, 80),
(3092, 1, 3, 1, 14, 416),
(3093, 1, 6, 1, 14, 269),
(3094, 1, 6, 1, 14, 418),
(3095, 1, 4, 1, 14, 594),
(3096, 1, 2, 1, 14, 596),
(3097, 1, 4, 1, 14, 597),
(3098, 1, 6, 1, 14, 599),
(3099, 1, 4, 1, 14, 828),
(3100, 1, 6, 1, 14, 85),
(3101, 1, 6, 1, 14, 86),
(3102, 1, 6, 1, 14, 87),
(3103, 1, 1, 1, 14, 421),
(3104, 1, 6, 1, 14, 421),
(3106, 1, 6, 1, 14, 422),
(3107, 1, 6, 1, 14, 425),
(3108, 1, 1, 1, 14, 793),
(3109, 1, 6, 1, 14, 793),
(3111, 1, 6, 1, 14, 426),
(3112, 1, 6, 1, 14, 626),
(3113, 1, 6, 1, 14, 627),
(3114, 1, 6, 1, 14, 427),
(3115, 1, 6, 1, 14, 674),
(3116, 1, 6, 1, 14, 675),
(3117, 1, 6, 1, 14, 428),
(3118, 1, 1, 1, 14, 88),
(3119, 1, 6, 1, 14, 88),
(3121, 1, 6, 1, 14, 89),
(3122, 1, 6, 1, 14, 90),
(3123, 1, 1, 1, 14, 429),
(3124, 1, 6, 1, 14, 429),
(3126, 1, 6, 1, 14, 432),
(3127, 1, 6, 1, 14, 270),
(3128, 1, 1, 1, 14, 177),
(3129, 1, 6, 1, 14, 177),
(3131, 1, 6, 1, 14, 178),
(3132, 1, 6, 1, 14, 271),
(3133, 1, 6, 1, 14, 91),
(3134, 1, 6, 1, 14, 92),
(3135, 1, 6, 1, 14, 677),
(3136, 1, 1, 1, 14, 272),
(3137, 1, 6, 1, 14, 272),
(3139, 1, 6, 1, 14, 273),
(3140, 1, 6, 1, 14, 179),
(3141, 1, 6, 1, 14, 834),
(3142, 1, 6, 1, 14, 795),
(3143, 1, 6, 1, 14, 42),
(3144, 1, 1, 1, 14, 630),
(3145, 1, 6, 1, 14, 630),
(3147, 1, 6, 1, 14, 436),
(3148, 1, 6, 1, 14, 438),
(3149, 1, 6, 1, 14, 439),
(3150, 1, 6, 1, 14, 274),
(3151, 1, 1, 1, 14, 43),
(3152, 1, 6, 1, 14, 43),
(3154, 1, 6, 1, 14, 357),
(3155, 1, 6, 1, 14, 358),
(3156, 1, 6, 1, 14, 359),
(3157, 1, 6, 1, 14, 360),
(3158, 1, 1, 1, 14, 361),
(3159, 1, 6, 1, 14, 361),
(3161, 1, 6, 1, 14, 362),
(3162, 1, 6, 1, 14, 363),
(3163, 1, 6, 1, 14, 440),
(3164, 1, 6, 1, 14, 601),
(3165, 1, 6, 1, 14, 632),
(3166, 1, 1, 1, 14, 180),
(3167, 1, 6, 1, 14, 180),
(3169, 1, 6, 1, 14, 181),
(3170, 1, 1, 1, 14, 441),
(3171, 1, 6, 1, 14, 441),
(3173, 1, 6, 1, 14, 442),
(3174, 1, 6, 1, 14, 682),
(3175, 1, 6, 1, 14, 683),
(3176, 1, 6, 1, 14, 443),
(3177, 1, 6, 1, 14, 182),
(3178, 1, 6, 1, 14, 444),
(3179, 1, 6, 1, 14, 445),
(3180, 1, 6, 1, 14, 446),
(3181, 1, 1, 1, 14, 183),
(3182, 1, 6, 1, 14, 183),
(3184, 1, 3, 1, 14, 689),
(3185, 1, 6, 1, 14, 689),
(3187, 1, 6, 1, 14, 690),
(3188, 1, 6, 1, 14, 691),
(3189, 1, 3, 1, 14, 693),
(3190, 1, 6, 1, 14, 693),
(3192, 1, 6, 1, 14, 694),
(3193, 1, 6, 1, 14, 635),
(3194, 1, 6, 1, 14, 697),
(3195, 1, 6, 1, 14, 700),
(3196, 1, 6, 1, 14, 701),
(3197, 1, 6, 1, 14, 141),
(3198, 1, 1, 1, 14, 448),
(3199, 1, 6, 1, 14, 448),
(3201, 1, 6, 1, 14, 703),
(3202, 1, 6, 1, 14, 450),
(3203, 1, 6, 1, 14, 184),
(3204, 1, 1, 1, 14, 704),
(3205, 1, 6, 1, 14, 704),
(3207, 1, 6, 1, 14, 637),
(3208, 1, 6, 1, 14, 185),
(3209, 1, 1, 1, 14, 705),
(3210, 1, 6, 1, 14, 705),
(3212, 1, 6, 1, 14, 142),
(3213, 1, 6, 1, 14, 367),
(3214, 1, 6, 1, 14, 368),
(3215, 1, 6, 1, 14, 706),
(3216, 1, 6, 1, 14, 186),
(3217, 1, 6, 1, 14, 708),
(3218, 1, 6, 1, 14, 277),
(3219, 1, 6, 1, 14, 453),
(3220, 1, 6, 1, 14, 799),
(3221, 1, 1, 1, 14, 278),
(3222, 1, 6, 1, 14, 278),
(3224, 1, 1, 1, 14, 45),
(3225, 1, 6, 1, 14, 45),
(3227, 1, 6, 1, 14, 46),
(3228, 1, 6, 1, 14, 95),
(3229, 1, 1, 1, 14, 47),
(3230, 1, 6, 1, 14, 47),
(3232, 1, 1, 1, 14, 280),
(3233, 1, 6, 1, 14, 280),
(3235, 1, 6, 1, 14, 48),
(3236, 1, 6, 1, 14, 49),
(3237, 1, 1, 1, 14, 603),
(3238, 1, 6, 1, 14, 603),
(3240, 1, 6, 1, 14, 606),
(3241, 1, 6, 1, 14, 187),
(3242, 1, 1, 1, 14, 188),
(3243, 1, 6, 1, 14, 188),
(3245, 1, 6, 1, 14, 50),
(3246, 1, 6, 1, 14, 189),
(3247, 1, 6, 1, 14, 836),
(3248, 1, 6, 1, 14, 800),
(3249, 1, 3, 1, 14, 52),
(3250, 1, 6, 1, 14, 52),
(3252, 1, 6, 1, 14, 53),
(3253, 1, 6, 1, 14, 54),
(3254, 1, 6, 1, 14, 55),
(3255, 1, 6, 1, 14, 56),
(3256, 1, 6, 1, 14, 281),
(3257, 1, 6, 1, 14, 190),
(3258, 1, 6, 1, 14, 801),
(3259, 1, 6, 1, 14, 282),
(3260, 1, 1, 1, 14, 454),
(3261, 1, 6, 1, 14, 454),
(3263, 1, 6, 1, 14, 455),
(3264, 1, 6, 1, 14, 839),
(3265, 1, 6, 1, 14, 96),
(3266, 1, 6, 1, 14, 192),
(3267, 1, 6, 1, 14, 607),
(3268, 1, 6, 1, 14, 713),
(3269, 1, 6, 1, 14, 283),
(3270, 1, 6, 1, 14, 284),
(3271, 1, 6, 1, 14, 285),
(3272, 1, 6, 1, 14, 374),
(3273, 1, 6, 1, 14, 643),
(3274, 1, 6, 1, 14, 61),
(3275, 1, 6, 1, 14, 287),
(3276, 1, 6, 1, 14, 842),
(3277, 1, 6, 1, 14, 288),
(3278, 1, 6, 1, 14, 474),
(3279, 1, 2, 1, 14, 475),
(3280, 1, 2, 1, 14, 193),
(3281, 1, 2, 1, 14, 477),
(3282, 1, 2, 1, 14, 290),
(3283, 1, 2, 1, 14, 375),
(3284, 1, 2, 1, 14, 377),
(3285, 1, 2, 1, 14, 608),
(3286, 1, 4, 1, 14, 610),
(3287, 1, 1, 1, 14, 203),
(3288, 1, 6, 1, 14, 203),
(3290, 1, 1, 1, 14, 207),
(3291, 1, 6, 1, 14, 207),
(3293, 1, 1, 1, 14, 208),
(3294, 1, 6, 1, 14, 208),
(3296, 1, 1, 1, 14, 645),
(3297, 1, 6, 1, 14, 645),
(3299, 1, 1, 1, 14, 210),
(3300, 1, 6, 1, 14, 210),
(3302, 1, 1, 1, 14, 294),
(3303, 1, 6, 1, 14, 294),
(3305, 1, 1, 1, 14, 213),
(3306, 1, 6, 1, 14, 213),
(3308, 1, 1, 1, 14, 611),
(3309, 1, 6, 1, 14, 611),
(3311, 1, 1, 1, 14, 386),
(3312, 1, 6, 1, 14, 386),
(3314, 1, 1, 1, 14, 217),
(3315, 1, 6, 1, 14, 217),
(3317, 1, 6, 1, 14, 100),
(3318, 1, 6, 1, 14, 148),
(3319, 1, 6, 1, 14, 101),
(3320, 1, 6, 1, 14, 486),
(3321, 1, 6, 1, 14, 298),
(3322, 1, 2, 1, 14, 102),
(3323, 1, 6, 1, 14, 102),
(3325, 1, 6, 1, 14, 229),
(3326, 1, 6, 1, 14, 104),
(3327, 1, 2, 1, 14, 535),
(3328, 1, 6, 1, 14, 535),
(3330, 1, 6, 1, 14, 537),
(3331, 1, 2, 1, 14, 538),
(3332, 1, 6, 1, 14, 538),
(3334, 1, 2, 1, 14, 106),
(3335, 1, 6, 1, 14, 106),
(3337, 1, 6, 1, 14, 389),
(3338, 1, 6, 1, 14, 392),
(3339, 1, 2, 1, 14, 340),
(3340, 1, 6, 1, 14, 340),
(3342, 1, 6, 1, 14, 489),
(3343, 1, 1, 1, 14, 110),
(3344, 1, 4, 1, 14, 110),
(3345, 1, 6, 1, 14, 110),
(3346, 1, 2, 1, 14, 492),
(3347, 1, 6, 1, 14, 492),
(3349, 1, 6, 1, 14, 304),
(3350, 1, 2, 1, 14, 396),
(3351, 1, 6, 1, 14, 396),
(3353, 1, 6, 1, 14, 311),
(3354, 1, 6, 1, 14, 117),
(3355, 1, 6, 1, 14, 324),
(3356, 1, 6, 1, 14, 127),
(3357, 1, 2, 1, 14, 128),
(3358, 1, 6, 1, 14, 128),
(3360, 1, 6, 1, 14, 130),
(3361, 1, 6, 1, 14, 503),
(3362, 1, 2, 1, 14, 515),
(3363, 1, 1, 1, 14, 516),
(3364, 1, 6, 1, 14, 516),
(3366, 1, 1, 1, 15, 405),
(3367, 1, 2, 1, 15, 405),
(3368, 1, 4, 1, 15, 405),
(3369, 1, 6, 1, 15, 405),
(3373, 1, 2, 1, 15, 406),
(3374, 1, 2, 1, 15, 407),
(3375, 1, 1, 1, 15, 520),
(3376, 1, 6, 1, 15, 520),
(3378, 1, 1, 1, 15, 864),
(3379, 1, 2, 1, 15, 864),
(3380, 1, 6, 1, 15, 864),
(3381, 1, 1, 1, 15, 137),
(3382, 1, 6, 1, 15, 137),
(3384, 1, 1, 1, 15, 71),
(3385, 1, 6, 1, 15, 71),
(3387, 1, 1, 1, 15, 72),
(3388, 1, 6, 1, 15, 72),
(3390, 1, 2, 1, 15, 408),
(3391, 1, 4, 1, 15, 408),
(3393, 1, 1, 1, 15, 409),
(3394, 1, 2, 1, 15, 409),
(3395, 1, 4, 1, 15, 409),
(3396, 1, 6, 1, 15, 409),
(3400, 1, 2, 1, 15, 410),
(3401, 1, 2, 1, 15, 411),
(3402, 1, 1, 1, 15, 260),
(3403, 1, 2, 1, 15, 260),
(3404, 1, 6, 1, 15, 260),
(3405, 1, 1, 1, 15, 261),
(3406, 1, 2, 1, 15, 261),
(3407, 1, 4, 1, 15, 261),
(3408, 1, 6, 1, 15, 261),
(3412, 1, 1, 1, 15, 262),
(3413, 1, 4, 1, 15, 262),
(3414, 1, 6, 1, 15, 262),
(3415, 1, 1, 1, 15, 335),
(3416, 1, 4, 1, 15, 335),
(3417, 1, 6, 1, 15, 335),
(3418, 1, 1, 1, 15, 162),
(3419, 1, 6, 1, 15, 162),
(3421, 1, 1, 1, 15, 263),
(3422, 1, 2, 1, 15, 263),
(3423, 1, 6, 1, 15, 263),
(3424, 1, 1, 1, 15, 138),
(3425, 1, 2, 1, 15, 138),
(3426, 1, 6, 1, 15, 138),
(3427, 1, 2, 1, 15, 73),
(3428, 1, 1, 1, 15, 521),
(3429, 1, 6, 1, 15, 521),
(3431, 1, 1, 1, 15, 522),
(3432, 1, 6, 1, 15, 522),
(3434, 1, 6, 1, 15, 523),
(3435, 1, 2, 1, 15, 524),
(3436, 1, 4, 1, 15, 524),
(3437, 1, 6, 1, 15, 524),
(3438, 1, 6, 1, 15, 623),
(3439, 1, 1, 1, 15, 624),
(3440, 1, 2, 1, 15, 624),
(3441, 1, 4, 1, 15, 624),
(3442, 1, 6, 1, 15, 624),
(3446, 1, 1, 1, 15, 668),
(3447, 1, 6, 1, 15, 668),
(3449, 1, 1, 1, 15, 669),
(3450, 1, 6, 1, 15, 669),
(3452, 1, 1, 1, 15, 625),
(3453, 1, 6, 1, 15, 625),
(3455, 1, 1, 1, 15, 8),
(3456, 1, 6, 1, 15, 8),
(3458, 1, 1, 1, 15, 344),
(3459, 1, 6, 1, 15, 344),
(3461, 1, 2, 1, 15, 345),
(3462, 1, 2, 1, 15, 346),
(3463, 1, 1, 1, 15, 347),
(3464, 1, 2, 1, 15, 347),
(3465, 1, 6, 1, 15, 347),
(3466, 1, 2, 1, 15, 348),
(3467, 1, 2, 1, 15, 349),
(3468, 1, 2, 1, 15, 525),
(3469, 1, 1, 1, 15, 526),
(3470, 1, 2, 1, 15, 526),
(3471, 1, 6, 1, 15, 526),
(3472, 1, 1, 1, 15, 163),
(3473, 1, 6, 1, 15, 163),
(3475, 1, 4, 1, 15, 350),
(3476, 1, 2, 1, 15, 9),
(3477, 1, 1, 1, 15, 412),
(3478, 1, 2, 1, 15, 412),
(3479, 1, 6, 1, 15, 412),
(3480, 1, 1, 1, 15, 670),
(3481, 1, 6, 1, 15, 670),
(3483, 1, 1, 1, 15, 264),
(3484, 1, 2, 1, 15, 264),
(3485, 1, 6, 1, 15, 264),
(3486, 1, 1, 1, 15, 11),
(3487, 1, 6, 1, 15, 11),
(3489, 1, 6, 1, 15, 587),
(3490, 1, 2, 1, 15, 588),
(3491, 1, 4, 1, 15, 588),
(3493, 1, 1, 1, 15, 589),
(3494, 1, 4, 1, 15, 589),
(3495, 1, 6, 1, 15, 589),
(3496, 1, 2, 1, 15, 590),
(3497, 1, 2, 1, 15, 591),
(3498, 1, 1, 1, 15, 164),
(3499, 1, 2, 1, 15, 164),
(3500, 1, 6, 1, 15, 164),
(3501, 1, 6, 1, 15, 825),
(3502, 1, 1, 1, 15, 865),
(3503, 1, 6, 1, 15, 865),
(3505, 1, 2, 1, 15, 866),
(3506, 1, 1, 1, 15, 786),
(3507, 1, 6, 1, 15, 786),
(3509, 1, 2, 1, 15, 787),
(3510, 1, 2, 1, 15, 788),
(3511, 1, 1, 1, 15, 414),
(3512, 1, 6, 1, 15, 414),
(3514, 1, 2, 1, 15, 527),
(3515, 1, 2, 1, 15, 528),
(3516, 1, 4, 1, 15, 528),
(3518, 1, 4, 1, 15, 592),
(3519, 1, 2, 1, 15, 15),
(3520, 1, 2, 1, 15, 789),
(3521, 1, 2, 1, 15, 671),
(3522, 1, 4, 1, 15, 671),
(3524, 1, 2, 1, 15, 672),
(3525, 1, 4, 1, 15, 672),
(3527, 1, 2, 1, 15, 351),
(3528, 1, 4, 1, 15, 351),
(3530, 1, 6, 1, 15, 165),
(3531, 1, 6, 1, 15, 167),
(3532, 1, 2, 1, 15, 265),
(3533, 1, 2, 1, 15, 266),
(3534, 1, 6, 1, 15, 790),
(3535, 1, 2, 1, 15, 353),
(3536, 1, 2, 1, 15, 16),
(3537, 1, 3, 1, 15, 593),
(3538, 1, 5, 1, 15, 593),
(3540, 1, 6, 1, 15, 80),
(3541, 1, 3, 1, 15, 416),
(3542, 1, 6, 1, 15, 269),
(3543, 1, 6, 1, 15, 418),
(3544, 1, 4, 1, 15, 594),
(3545, 1, 2, 1, 15, 596),
(3546, 1, 4, 1, 15, 597),
(3547, 1, 6, 1, 15, 599),
(3548, 1, 4, 1, 15, 828),
(3549, 1, 6, 1, 15, 85),
(3550, 1, 6, 1, 15, 86),
(3551, 1, 6, 1, 15, 87),
(3552, 1, 1, 1, 15, 421),
(3553, 1, 6, 1, 15, 421),
(3555, 1, 6, 1, 15, 422),
(3556, 1, 6, 1, 15, 425),
(3557, 1, 1, 1, 15, 793),
(3558, 1, 6, 1, 15, 793),
(3560, 1, 6, 1, 15, 426),
(3561, 1, 6, 1, 15, 626),
(3562, 1, 6, 1, 15, 627),
(3563, 1, 6, 1, 15, 427),
(3564, 1, 6, 1, 15, 674),
(3565, 1, 6, 1, 15, 675),
(3566, 1, 6, 1, 15, 428),
(3567, 1, 1, 1, 15, 88),
(3568, 1, 6, 1, 15, 88),
(3570, 1, 6, 1, 15, 89),
(3571, 1, 1, 1, 15, 869),
(3572, 1, 6, 1, 15, 869),
(3574, 1, 6, 1, 15, 90),
(3575, 1, 1, 1, 15, 429),
(3576, 1, 6, 1, 15, 429),
(3578, 1, 6, 1, 15, 432),
(3579, 1, 6, 1, 15, 270),
(3580, 1, 1, 1, 15, 177),
(3581, 1, 6, 1, 15, 177),
(3583, 1, 6, 1, 15, 178),
(3584, 1, 6, 1, 15, 271),
(3585, 1, 6, 1, 15, 91),
(3586, 1, 6, 1, 15, 92),
(3587, 1, 6, 1, 15, 677),
(3588, 1, 1, 1, 15, 272),
(3589, 1, 6, 1, 15, 272),
(3591, 1, 6, 1, 15, 273),
(3592, 1, 6, 1, 15, 179),
(3593, 1, 6, 1, 15, 834),
(3594, 1, 6, 1, 15, 795),
(3595, 1, 6, 1, 15, 42),
(3596, 1, 1, 1, 15, 630),
(3597, 1, 6, 1, 15, 630),
(3599, 1, 6, 1, 15, 436),
(3600, 1, 6, 1, 15, 438),
(3601, 1, 6, 1, 15, 439),
(3602, 1, 6, 1, 15, 274),
(3603, 1, 1, 1, 15, 43),
(3604, 1, 6, 1, 15, 43),
(3606, 1, 6, 1, 15, 357),
(3607, 1, 6, 1, 15, 358),
(3608, 1, 6, 1, 15, 359),
(3609, 1, 6, 1, 15, 360),
(3610, 1, 1, 1, 15, 361),
(3611, 1, 6, 1, 15, 361),
(3613, 1, 6, 1, 15, 362),
(3614, 1, 6, 1, 15, 363),
(3615, 1, 6, 1, 15, 440),
(3616, 1, 6, 1, 15, 601),
(3617, 1, 6, 1, 15, 632),
(3618, 1, 1, 1, 15, 180),
(3619, 1, 6, 1, 15, 180),
(3621, 1, 6, 1, 15, 181),
(3622, 1, 1, 1, 15, 441),
(3623, 1, 6, 1, 15, 441),
(3625, 1, 6, 1, 15, 442),
(3626, 1, 6, 1, 15, 682),
(3627, 1, 6, 1, 15, 683),
(3628, 1, 6, 1, 15, 443),
(3629, 1, 6, 1, 15, 182),
(3630, 1, 6, 1, 15, 444),
(3631, 1, 6, 1, 15, 445),
(3632, 1, 6, 1, 15, 446),
(3633, 1, 1, 1, 15, 183),
(3634, 1, 6, 1, 15, 183),
(3636, 1, 3, 1, 15, 689),
(3637, 1, 6, 1, 15, 689),
(3639, 1, 6, 1, 15, 690),
(3640, 1, 6, 1, 15, 691),
(3641, 1, 3, 1, 15, 693),
(3642, 1, 6, 1, 15, 693),
(3644, 1, 6, 1, 15, 694),
(3645, 1, 6, 1, 15, 635),
(3646, 1, 6, 1, 15, 697),
(3647, 1, 6, 1, 15, 700),
(3648, 1, 6, 1, 15, 874),
(3649, 1, 6, 1, 15, 701),
(3650, 1, 6, 1, 15, 875),
(3651, 1, 6, 1, 15, 876),
(3652, 1, 1, 1, 15, 448),
(3653, 1, 6, 1, 15, 448),
(3655, 1, 6, 1, 15, 703),
(3656, 1, 6, 1, 15, 450),
(3657, 1, 6, 1, 15, 184),
(3658, 1, 1, 1, 15, 704),
(3659, 1, 6, 1, 15, 704),
(3661, 1, 6, 1, 15, 637),
(3662, 1, 6, 1, 15, 185),
(3663, 1, 1, 1, 15, 705),
(3664, 1, 6, 1, 15, 705),
(3666, 1, 6, 1, 15, 142),
(3667, 1, 6, 1, 15, 706),
(3668, 1, 6, 1, 15, 186),
(3669, 1, 6, 1, 15, 708),
(3670, 1, 6, 1, 15, 277),
(3671, 1, 6, 1, 15, 453),
(3672, 1, 6, 1, 15, 799),
(3673, 1, 1, 1, 15, 278),
(3674, 1, 6, 1, 15, 278),
(3676, 1, 1, 1, 15, 45),
(3677, 1, 6, 1, 15, 45),
(3679, 1, 6, 1, 15, 46),
(3680, 1, 6, 1, 15, 95),
(3681, 1, 1, 1, 15, 47),
(3682, 1, 6, 1, 15, 47),
(3684, 1, 1, 1, 15, 280),
(3685, 1, 6, 1, 15, 280),
(3687, 1, 6, 1, 15, 48),
(3688, 1, 6, 1, 15, 49),
(3689, 1, 1, 1, 15, 603),
(3690, 1, 6, 1, 15, 603),
(3692, 1, 6, 1, 15, 606),
(3693, 1, 6, 1, 15, 187),
(3694, 1, 1, 1, 15, 188),
(3695, 1, 6, 1, 15, 188),
(3697, 1, 1, 1, 15, 50),
(3698, 1, 6, 1, 15, 50),
(3700, 1, 6, 1, 15, 880),
(3701, 1, 6, 1, 15, 189),
(3702, 1, 6, 1, 15, 836),
(3703, 1, 6, 1, 15, 800),
(3704, 1, 3, 1, 15, 52),
(3705, 1, 6, 1, 15, 52),
(3707, 1, 6, 1, 15, 53),
(3708, 1, 6, 1, 15, 54),
(3709, 1, 6, 1, 15, 55),
(3710, 1, 6, 1, 15, 56),
(3711, 1, 6, 1, 15, 281),
(3712, 1, 6, 1, 15, 190),
(3713, 1, 6, 1, 15, 801),
(3714, 1, 6, 1, 15, 282),
(3715, 1, 6, 1, 15, 884),
(3716, 1, 1, 1, 15, 454),
(3717, 1, 6, 1, 15, 454),
(3719, 1, 6, 1, 15, 455),
(3720, 1, 6, 1, 15, 839),
(3721, 1, 6, 1, 15, 96),
(3722, 1, 6, 1, 15, 192),
(3723, 1, 6, 1, 15, 607),
(3724, 1, 6, 1, 15, 885),
(3725, 1, 6, 1, 15, 713),
(3726, 1, 6, 1, 15, 886),
(3727, 1, 6, 1, 15, 887),
(3728, 1, 6, 1, 15, 283),
(3729, 1, 6, 1, 15, 284),
(3730, 1, 6, 1, 15, 285),
(3731, 1, 6, 1, 15, 374),
(3732, 1, 6, 1, 15, 643),
(3733, 1, 6, 1, 15, 61),
(3734, 1, 6, 1, 15, 287),
(3735, 1, 6, 1, 15, 842),
(3736, 1, 6, 1, 15, 288),
(3737, 1, 6, 1, 15, 474),
(3738, 1, 2, 1, 15, 475),
(3739, 1, 2, 1, 15, 193),
(3740, 1, 2, 1, 15, 477),
(3741, 1, 2, 1, 15, 290),
(3742, 1, 2, 1, 15, 375),
(3743, 1, 2, 1, 15, 377),
(3744, 1, 2, 1, 15, 890),
(3745, 1, 2, 1, 15, 608),
(3746, 1, 4, 1, 15, 610),
(3747, 1, 2, 1, 15, 147),
(3748, 1, 1, 1, 15, 203),
(3749, 1, 6, 1, 15, 203),
(3751, 1, 1, 1, 15, 207),
(3752, 1, 6, 1, 15, 207),
(3754, 1, 1, 1, 15, 208),
(3755, 1, 6, 1, 15, 208),
(3757, 1, 1, 1, 15, 645),
(3758, 1, 6, 1, 15, 645),
(3760, 1, 1, 1, 15, 210),
(3761, 1, 6, 1, 15, 210),
(3763, 1, 1, 1, 15, 294),
(3764, 1, 6, 1, 15, 294),
(3766, 1, 1, 1, 15, 213),
(3767, 1, 6, 1, 15, 213),
(3769, 1, 1, 1, 15, 611),
(3770, 1, 6, 1, 15, 611),
(3772, 1, 1, 1, 15, 386),
(3773, 1, 6, 1, 15, 386),
(3775, 1, 1, 1, 15, 217),
(3776, 1, 6, 1, 15, 217),
(3778, 1, 6, 1, 15, 100),
(3779, 1, 6, 1, 15, 148),
(3780, 1, 6, 1, 15, 101),
(3781, 1, 6, 1, 15, 486),
(3782, 1, 6, 1, 15, 298),
(3783, 1, 2, 1, 15, 102),
(3784, 1, 6, 1, 15, 102),
(3786, 1, 6, 1, 15, 229),
(3787, 1, 6, 1, 15, 104),
(3788, 1, 2, 1, 15, 535),
(3789, 1, 6, 1, 15, 535),
(3791, 1, 6, 1, 15, 537),
(3792, 1, 2, 1, 15, 538),
(3793, 1, 6, 1, 15, 538),
(3795, 1, 2, 1, 15, 106),
(3796, 1, 6, 1, 15, 106),
(3798, 1, 6, 1, 15, 389),
(3799, 1, 6, 1, 15, 392),
(3800, 1, 2, 1, 15, 340),
(3801, 1, 6, 1, 15, 340),
(3803, 1, 6, 1, 15, 489),
(3804, 1, 1, 1, 15, 110),
(3805, 1, 6, 1, 15, 110),
(3807, 1, 2, 1, 15, 492),
(3808, 1, 6, 1, 15, 492),
(3810, 1, 6, 1, 15, 304),
(3811, 1, 6, 1, 15, 396),
(3812, 1, 6, 1, 15, 311),
(3813, 1, 6, 1, 15, 117),
(3814, 1, 6, 1, 15, 324),
(3815, 1, 6, 1, 15, 127),
(3816, 1, 2, 1, 15, 128),
(3817, 1, 6, 1, 15, 128),
(3819, 1, 6, 1, 15, 160),
(3820, 1, 6, 1, 15, 130),
(3821, 1, 6, 1, 15, 503),
(3822, 1, 2, 1, 15, 515),
(3823, 1, 1, 1, 15, 516),
(3824, 1, 6, 1, 15, 516),
(3826, 1, 1, 1, 16, 405),
(3827, 1, 2, 1, 16, 405),
(3828, 1, 4, 1, 16, 405),
(3829, 1, 6, 1, 16, 405),
(3833, 1, 2, 1, 16, 407),
(3834, 1, 1, 1, 16, 520),
(3835, 1, 6, 1, 16, 520),
(3837, 1, 1, 1, 16, 864),
(3838, 1, 2, 1, 16, 864),
(3839, 1, 6, 1, 16, 864),
(3840, 1, 1, 1, 16, 137),
(3841, 1, 6, 1, 16, 137),
(3843, 1, 1, 1, 16, 71),
(3844, 1, 4, 1, 16, 71),
(3845, 1, 6, 1, 16, 71),
(3846, 1, 1, 1, 16, 72),
(3847, 1, 6, 1, 16, 72),
(3849, 1, 2, 1, 16, 408),
(3850, 1, 4, 1, 16, 408),
(3852, 1, 1, 1, 16, 409),
(3853, 1, 2, 1, 16, 409),
(3854, 1, 4, 1, 16, 409),
(3855, 1, 6, 1, 16, 409),
(3859, 1, 2, 1, 16, 411),
(3860, 1, 2, 1, 16, 929),
(3861, 1, 1, 1, 16, 260),
(3862, 1, 2, 1, 16, 260),
(3863, 1, 6, 1, 16, 260),
(3864, 1, 1, 1, 16, 261),
(3865, 1, 2, 1, 16, 261),
(3866, 1, 4, 1, 16, 261),
(3867, 1, 6, 1, 16, 261),
(3871, 1, 1, 1, 16, 262),
(3872, 1, 6, 1, 16, 262),
(3874, 1, 1, 1, 16, 335),
(3875, 1, 2, 1, 16, 335),
(3876, 1, 4, 1, 16, 335),
(3877, 1, 6, 1, 16, 335),
(3881, 1, 1, 1, 16, 162),
(3882, 1, 6, 1, 16, 162),
(3884, 1, 1, 1, 16, 263),
(3885, 1, 2, 1, 16, 263),
(3886, 1, 6, 1, 16, 263),
(3887, 1, 1, 1, 16, 138),
(3888, 1, 2, 1, 16, 138),
(3889, 1, 6, 1, 16, 138),
(3890, 1, 2, 1, 16, 73),
(3891, 1, 1, 1, 16, 521),
(3892, 1, 6, 1, 16, 521),
(3894, 1, 1, 1, 16, 522),
(3895, 1, 6, 1, 16, 522),
(3897, 1, 6, 1, 16, 523),
(3898, 1, 2, 1, 16, 524),
(3899, 1, 4, 1, 16, 524),
(3900, 1, 6, 1, 16, 524),
(3901, 1, 6, 1, 16, 623),
(3902, 1, 1, 1, 16, 624),
(3903, 1, 2, 1, 16, 624),
(3904, 1, 4, 1, 16, 624),
(3905, 1, 6, 1, 16, 624),
(3909, 1, 1, 1, 16, 668),
(3910, 1, 6, 1, 16, 668),
(3912, 1, 1, 1, 16, 669),
(3913, 1, 6, 1, 16, 669),
(3915, 1, 1, 1, 16, 625),
(3916, 1, 6, 1, 16, 625),
(3918, 1, 1, 1, 16, 8),
(3919, 1, 6, 1, 16, 8),
(3921, 1, 1, 1, 16, 344),
(3922, 1, 6, 1, 16, 344),
(3924, 1, 2, 1, 16, 345),
(3925, 1, 2, 1, 16, 346),
(3926, 1, 1, 1, 16, 347),
(3927, 1, 2, 1, 16, 347),
(3928, 1, 6, 1, 16, 347),
(3929, 1, 2, 1, 16, 348),
(3930, 1, 2, 1, 16, 349),
(3931, 1, 2, 1, 16, 525),
(3932, 1, 1, 1, 16, 526),
(3933, 1, 2, 1, 16, 526),
(3934, 1, 6, 1, 16, 526),
(3935, 1, 1, 1, 16, 163),
(3936, 1, 6, 1, 16, 163),
(3938, 1, 4, 1, 16, 350),
(3939, 1, 2, 1, 16, 9),
(3940, 1, 1, 1, 16, 930),
(3941, 1, 6, 1, 16, 930),
(3943, 1, 1, 1, 16, 412),
(3944, 1, 2, 1, 16, 412),
(3945, 1, 6, 1, 16, 412),
(3946, 1, 2, 1, 16, 931),
(3947, 1, 2, 1, 16, 932),
(3948, 1, 4, 1, 16, 932),
(3950, 1, 1, 1, 16, 670),
(3951, 1, 6, 1, 16, 670),
(3953, 1, 1, 1, 16, 264),
(3954, 1, 2, 1, 16, 264),
(3955, 1, 6, 1, 16, 264),
(3956, 1, 1, 1, 16, 11),
(3957, 1, 6, 1, 16, 11),
(3959, 1, 6, 1, 16, 587),
(3960, 1, 2, 1, 16, 588),
(3961, 1, 4, 1, 16, 588),
(3963, 1, 1, 1, 16, 589),
(3964, 1, 4, 1, 16, 589),
(3965, 1, 6, 1, 16, 589),
(3966, 1, 2, 1, 16, 590),
(3967, 1, 2, 1, 16, 591),
(3968, 1, 1, 1, 16, 164),
(3969, 1, 2, 1, 16, 164),
(3970, 1, 6, 1, 16, 164),
(3971, 1, 6, 1, 16, 825),
(3972, 1, 1, 1, 16, 865),
(3973, 1, 6, 1, 16, 865),
(3975, 1, 2, 1, 16, 866),
(3976, 1, 1, 1, 16, 786),
(3977, 1, 4, 1, 16, 786),
(3978, 1, 6, 1, 16, 786),
(3979, 1, 2, 1, 16, 787),
(3980, 1, 2, 1, 16, 788),
(3981, 1, 1, 1, 16, 414),
(3982, 1, 6, 1, 16, 414),
(3984, 1, 2, 1, 16, 527),
(3985, 1, 2, 1, 16, 528),
(3986, 1, 4, 1, 16, 528),
(3988, 1, 4, 1, 16, 592),
(3989, 1, 2, 1, 16, 15),
(3990, 1, 2, 1, 16, 789),
(3991, 1, 2, 1, 16, 671),
(3992, 1, 4, 1, 16, 671),
(3994, 1, 2, 1, 16, 672),
(3995, 1, 4, 1, 16, 672),
(3997, 1, 2, 1, 16, 351),
(3998, 1, 4, 1, 16, 351),
(4000, 1, 6, 1, 16, 165),
(4001, 1, 6, 1, 16, 167),
(4002, 1, 2, 1, 16, 265),
(4003, 1, 2, 1, 16, 266),
(4004, 1, 6, 1, 16, 790),
(4005, 1, 2, 1, 16, 353),
(4006, 1, 2, 1, 16, 16),
(4007, 1, 3, 1, 16, 593),
(4008, 1, 5, 1, 16, 593),
(4010, 1, 6, 1, 16, 933),
(4011, 1, 6, 1, 16, 80),
(4012, 1, 3, 1, 16, 416),
(4013, 1, 6, 1, 16, 269),
(4014, 1, 6, 1, 16, 418),
(4015, 1, 2, 1, 16, 596),
(4016, 1, 4, 1, 16, 597),
(4017, 1, 6, 1, 16, 599),
(4018, 1, 4, 1, 16, 828),
(4019, 1, 6, 1, 16, 85),
(4020, 1, 6, 1, 16, 86),
(4021, 1, 6, 1, 16, 87),
(4022, 1, 1, 1, 16, 421),
(4023, 1, 6, 1, 16, 421),
(4025, 1, 6, 1, 16, 422),
(4026, 1, 6, 1, 16, 934),
(4027, 1, 6, 1, 16, 425),
(4028, 1, 1, 1, 16, 793),
(4029, 1, 6, 1, 16, 793),
(4031, 1, 6, 1, 16, 426),
(4032, 1, 6, 1, 16, 626),
(4033, 1, 6, 1, 16, 627),
(4034, 1, 6, 1, 16, 427),
(4035, 1, 6, 1, 16, 674),
(4036, 1, 6, 1, 16, 675),
(4037, 1, 6, 1, 16, 428),
(4038, 1, 1, 1, 16, 88),
(4039, 1, 6, 1, 16, 88),
(4041, 1, 6, 1, 16, 89),
(4042, 1, 1, 1, 16, 869),
(4043, 1, 6, 1, 16, 869),
(4045, 1, 6, 1, 16, 90),
(4046, 1, 1, 1, 16, 429),
(4047, 1, 6, 1, 16, 429),
(4049, 1, 6, 1, 16, 935),
(4050, 1, 6, 1, 16, 432),
(4051, 1, 6, 1, 16, 270),
(4052, 1, 1, 1, 16, 177),
(4053, 1, 6, 1, 16, 177),
(4055, 1, 6, 1, 16, 178),
(4056, 1, 6, 1, 16, 271),
(4057, 1, 6, 1, 16, 91),
(4058, 1, 6, 1, 16, 92),
(4059, 1, 6, 1, 16, 677),
(4060, 1, 1, 1, 16, 272),
(4061, 1, 6, 1, 16, 272),
(4063, 1, 6, 1, 16, 273),
(4064, 1, 6, 1, 16, 179),
(4065, 1, 6, 1, 16, 834),
(4066, 1, 6, 1, 16, 795),
(4067, 1, 6, 1, 16, 42),
(4068, 1, 1, 1, 16, 630),
(4069, 1, 6, 1, 16, 630),
(4071, 1, 6, 1, 16, 436),
(4072, 1, 6, 1, 16, 438),
(4073, 1, 6, 1, 16, 439),
(4074, 1, 6, 1, 16, 274),
(4075, 1, 1, 1, 16, 43),
(4076, 1, 6, 1, 16, 43),
(4078, 1, 6, 1, 16, 357),
(4079, 1, 6, 1, 16, 358),
(4080, 1, 6, 1, 16, 359),
(4081, 1, 6, 1, 16, 360),
(4082, 1, 1, 1, 16, 361),
(4083, 1, 6, 1, 16, 361),
(4085, 1, 6, 1, 16, 362),
(4086, 1, 6, 1, 16, 363),
(4087, 1, 6, 1, 16, 440),
(4088, 1, 6, 1, 16, 601),
(4089, 1, 6, 1, 16, 632),
(4090, 1, 1, 1, 16, 180),
(4091, 1, 6, 1, 16, 180),
(4093, 1, 6, 1, 16, 181),
(4094, 1, 1, 1, 16, 441),
(4095, 1, 6, 1, 16, 441),
(4097, 1, 6, 1, 16, 442),
(4098, 1, 6, 1, 16, 682),
(4099, 1, 6, 1, 16, 683),
(4100, 1, 6, 1, 16, 443),
(4101, 1, 6, 1, 16, 182),
(4102, 1, 6, 1, 16, 444),
(4103, 1, 6, 1, 16, 445),
(4104, 1, 6, 1, 16, 446),
(4105, 1, 1, 1, 16, 183),
(4106, 1, 6, 1, 16, 183),
(4108, 1, 3, 1, 16, 689),
(4109, 1, 6, 1, 16, 689),
(4111, 1, 6, 1, 16, 690),
(4112, 1, 6, 1, 16, 691),
(4113, 1, 3, 1, 16, 693),
(4114, 1, 6, 1, 16, 693),
(4116, 1, 6, 1, 16, 694),
(4117, 1, 6, 1, 16, 635),
(4118, 1, 6, 1, 16, 697),
(4119, 1, 6, 1, 16, 700),
(4120, 1, 6, 1, 16, 874),
(4121, 1, 6, 1, 16, 701),
(4122, 1, 6, 1, 16, 875),
(4123, 1, 1, 1, 16, 876),
(4124, 1, 6, 1, 16, 876),
(4126, 1, 6, 1, 16, 448),
(4127, 1, 6, 1, 16, 937),
(4128, 1, 6, 1, 16, 703),
(4129, 1, 6, 1, 16, 450),
(4130, 1, 6, 1, 16, 184),
(4131, 1, 1, 1, 16, 704),
(4132, 1, 6, 1, 16, 704),
(4134, 1, 6, 1, 16, 637),
(4135, 1, 6, 1, 16, 185),
(4136, 1, 1, 1, 16, 705),
(4137, 1, 6, 1, 16, 705),
(4139, 1, 6, 1, 16, 142),
(4140, 1, 6, 1, 16, 706),
(4141, 1, 6, 1, 16, 186),
(4142, 1, 6, 1, 16, 708),
(4143, 1, 6, 1, 16, 277),
(4144, 1, 6, 1, 16, 453),
(4145, 1, 6, 1, 16, 799),
(4146, 1, 1, 1, 16, 278),
(4147, 1, 6, 1, 16, 278),
(4149, 1, 1, 1, 16, 45),
(4150, 1, 6, 1, 16, 45),
(4152, 1, 6, 1, 16, 46),
(4153, 1, 6, 1, 16, 95),
(4154, 1, 1, 1, 16, 47),
(4155, 1, 6, 1, 16, 47),
(4157, 1, 1, 1, 16, 280),
(4158, 1, 6, 1, 16, 280),
(4160, 1, 6, 1, 16, 939),
(4161, 1, 6, 1, 16, 48),
(4162, 1, 6, 1, 16, 49),
(4163, 1, 1, 1, 16, 603),
(4164, 1, 6, 1, 16, 603),
(4166, 1, 6, 1, 16, 606),
(4167, 1, 6, 1, 16, 187),
(4168, 1, 1, 1, 16, 188),
(4169, 1, 6, 1, 16, 188),
(4171, 1, 1, 1, 16, 50),
(4172, 1, 6, 1, 16, 50),
(4174, 1, 6, 1, 16, 880),
(4175, 1, 6, 1, 16, 189),
(4176, 1, 6, 1, 16, 836),
(4177, 1, 6, 1, 16, 800),
(4178, 1, 3, 1, 16, 52),
(4179, 1, 6, 1, 16, 52),
(4181, 1, 6, 1, 16, 53),
(4182, 1, 6, 1, 16, 54),
(4183, 1, 6, 1, 16, 55),
(4184, 1, 6, 1, 16, 56),
(4185, 1, 6, 1, 16, 281),
(4186, 1, 6, 1, 16, 190),
(4187, 1, 6, 1, 16, 801),
(4188, 1, 6, 1, 16, 282),
(4189, 1, 6, 1, 16, 884),
(4190, 1, 1, 1, 16, 454),
(4191, 1, 6, 1, 16, 454),
(4193, 1, 6, 1, 16, 455),
(4194, 1, 6, 1, 16, 839),
(4195, 1, 6, 1, 16, 96),
(4196, 1, 6, 1, 16, 192),
(4197, 1, 6, 1, 16, 607),
(4198, 1, 6, 1, 16, 885),
(4199, 1, 6, 1, 16, 713),
(4200, 1, 6, 1, 16, 886),
(4201, 1, 6, 1, 16, 887),
(4202, 1, 6, 1, 16, 283),
(4203, 1, 6, 1, 16, 284),
(4204, 1, 6, 1, 16, 285),
(4205, 1, 6, 1, 16, 374),
(4206, 1, 6, 1, 16, 643),
(4207, 1, 6, 1, 16, 61),
(4208, 1, 6, 1, 16, 287),
(4209, 1, 6, 1, 16, 842),
(4210, 1, 6, 1, 16, 288),
(4211, 1, 6, 1, 16, 942),
(4212, 1, 2, 1, 16, 475),
(4213, 1, 2, 1, 16, 193),
(4214, 1, 2, 1, 16, 477),
(4215, 1, 2, 1, 16, 290),
(4216, 1, 2, 1, 16, 375),
(4217, 1, 2, 1, 16, 377),
(4218, 1, 2, 1, 16, 890),
(4219, 1, 2, 1, 16, 608),
(4220, 1, 4, 1, 16, 610),
(4221, 1, 2, 1, 16, 147),
(4222, 1, 1, 1, 16, 203),
(4223, 1, 6, 1, 16, 203),
(4225, 1, 1, 1, 16, 207),
(4226, 1, 6, 1, 16, 207),
(4228, 1, 1, 1, 16, 208),
(4229, 1, 6, 1, 16, 208),
(4231, 1, 1, 1, 16, 645),
(4232, 1, 6, 1, 16, 645),
(4234, 1, 1, 1, 16, 210),
(4235, 1, 6, 1, 16, 210),
(4237, 1, 1, 1, 16, 294),
(4238, 1, 6, 1, 16, 294),
(4240, 1, 1, 1, 16, 213),
(4241, 1, 6, 1, 16, 213),
(4243, 1, 1, 1, 16, 611),
(4244, 1, 6, 1, 16, 611),
(4246, 1, 1, 1, 16, 386),
(4247, 1, 6, 1, 16, 386),
(4249, 1, 1, 1, 16, 217),
(4250, 1, 6, 1, 16, 217),
(4252, 1, 6, 1, 16, 100),
(4253, 1, 2, 1, 16, 148),
(4254, 1, 6, 1, 16, 148),
(4256, 1, 6, 1, 16, 101),
(4257, 1, 6, 1, 16, 486),
(4258, 1, 6, 1, 16, 298),
(4259, 1, 2, 1, 16, 102),
(4260, 1, 6, 1, 16, 102),
(4262, 1, 6, 1, 16, 229),
(4263, 1, 6, 1, 16, 104),
(4264, 1, 2, 1, 16, 535),
(4265, 1, 6, 1, 16, 535),
(4267, 1, 6, 1, 16, 537),
(4268, 1, 2, 1, 16, 538),
(4269, 1, 6, 1, 16, 538),
(4271, 1, 6, 1, 16, 106),
(4272, 1, 6, 1, 16, 389),
(4273, 1, 6, 1, 16, 392),
(4274, 1, 2, 1, 16, 340),
(4275, 1, 6, 1, 16, 340),
(4277, 1, 1, 1, 16, 110),
(4278, 1, 6, 1, 16, 110),
(4280, 1, 2, 1, 16, 492),
(4281, 1, 4, 1, 16, 492),
(4282, 1, 6, 1, 16, 492),
(4283, 1, 6, 1, 16, 304),
(4284, 1, 6, 1, 16, 396),
(4285, 1, 6, 1, 16, 311),
(4286, 1, 6, 1, 16, 117),
(4287, 1, 2, 1, 16, 956),
(4288, 1, 6, 1, 16, 956),
(4290, 1, 6, 1, 16, 324),
(4291, 1, 6, 1, 16, 127),
(4292, 1, 2, 1, 16, 128),
(4293, 1, 6, 1, 16, 128),
(4295, 1, 6, 1, 16, 160),
(4296, 1, 6, 1, 16, 130),
(4297, 1, 6, 1, 16, 503),
(4298, 1, 2, 1, 16, 515),
(4299, 1, 1, 1, 16, 516),
(4300, 1, 6, 1, 16, 516),
(4302, 1, 1, 1, 17, 405),
(4303, 1, 2, 1, 17, 405),
(4304, 1, 4, 1, 17, 405),
(4305, 1, 6, 1, 17, 405),
(4309, 1, 2, 1, 17, 407),
(4310, 1, 1, 1, 17, 520),
(4311, 1, 6, 1, 17, 520),
(4313, 1, 1, 1, 17, 864),
(4314, 1, 2, 1, 17, 864),
(4315, 1, 6, 1, 17, 864),
(4316, 1, 1, 1, 17, 137),
(4317, 1, 6, 1, 17, 137),
(4319, 1, 1, 1, 17, 71),
(4320, 1, 4, 1, 17, 71),
(4321, 1, 6, 1, 17, 71),
(4322, 1, 1, 1, 17, 72),
(4323, 1, 6, 1, 17, 72),
(4325, 1, 2, 1, 17, 408),
(4326, 1, 4, 1, 17, 408),
(4328, 1, 1, 1, 17, 409),
(4329, 1, 2, 1, 17, 409),
(4330, 1, 4, 1, 17, 409),
(4331, 1, 6, 1, 17, 409),
(4335, 1, 2, 1, 17, 411),
(4336, 1, 2, 1, 17, 929),
(4337, 1, 1, 1, 17, 260),
(4338, 1, 2, 1, 17, 260),
(4339, 1, 6, 1, 17, 260),
(4340, 1, 1, 1, 17, 261),
(4341, 1, 2, 1, 17, 261),
(4342, 1, 4, 1, 17, 261),
(4343, 1, 6, 1, 17, 261),
(4347, 1, 1, 1, 17, 262),
(4348, 1, 6, 1, 17, 262),
(4350, 1, 1, 1, 17, 335),
(4351, 1, 2, 1, 17, 335),
(4352, 1, 4, 1, 17, 335),
(4353, 1, 6, 1, 17, 335),
(4357, 1, 1, 1, 17, 162),
(4358, 1, 6, 1, 17, 162),
(4360, 1, 1, 1, 17, 263),
(4361, 1, 2, 1, 17, 263),
(4362, 1, 6, 1, 17, 263),
(4363, 1, 1, 1, 17, 138),
(4364, 1, 2, 1, 17, 138),
(4365, 1, 6, 1, 17, 138),
(4366, 1, 2, 1, 17, 73),
(4367, 1, 1, 1, 17, 521),
(4368, 1, 6, 1, 17, 521),
(4370, 1, 1, 1, 17, 522),
(4371, 1, 6, 1, 17, 522),
(4373, 1, 6, 1, 17, 523),
(4374, 1, 2, 1, 17, 524),
(4375, 1, 4, 1, 17, 524),
(4376, 1, 6, 1, 17, 524),
(4377, 1, 6, 1, 17, 623),
(4378, 1, 1, 1, 17, 624),
(4379, 1, 2, 1, 17, 624),
(4380, 1, 4, 1, 17, 624),
(4381, 1, 6, 1, 17, 624),
(4385, 1, 1, 1, 17, 668),
(4386, 1, 6, 1, 17, 668),
(4388, 1, 1, 1, 17, 669),
(4389, 1, 6, 1, 17, 669),
(4391, 1, 1, 1, 17, 625),
(4392, 1, 6, 1, 17, 625),
(4394, 1, 1, 1, 17, 8),
(4395, 1, 6, 1, 17, 8),
(4397, 1, 1, 1, 17, 344),
(4398, 1, 6, 1, 17, 344),
(4400, 1, 2, 1, 17, 345),
(4401, 1, 2, 1, 17, 346),
(4402, 1, 1, 1, 17, 347),
(4403, 1, 2, 1, 17, 347),
(4404, 1, 6, 1, 17, 347),
(4405, 1, 2, 1, 17, 348),
(4406, 1, 2, 1, 17, 349),
(4407, 1, 2, 1, 17, 525),
(4408, 1, 1, 1, 17, 526),
(4409, 1, 2, 1, 17, 526),
(4410, 1, 6, 1, 17, 526),
(4411, 1, 1, 1, 17, 163),
(4412, 1, 6, 1, 17, 163),
(4414, 1, 4, 1, 17, 350),
(4415, 1, 2, 1, 17, 9),
(4416, 1, 1, 1, 17, 930),
(4417, 1, 6, 1, 17, 930),
(4419, 1, 1, 1, 17, 412),
(4420, 1, 2, 1, 17, 412),
(4421, 1, 6, 1, 17, 412),
(4422, 1, 2, 1, 17, 931),
(4423, 1, 2, 1, 17, 932),
(4424, 1, 4, 1, 17, 932),
(4426, 1, 1, 1, 17, 670),
(4427, 1, 6, 1, 17, 670),
(4429, 1, 1, 1, 17, 264),
(4430, 1, 2, 1, 17, 264),
(4431, 1, 6, 1, 17, 264),
(4432, 1, 1, 1, 17, 11),
(4433, 1, 6, 1, 17, 11),
(4435, 1, 6, 1, 17, 587),
(4436, 1, 2, 1, 17, 588),
(4437, 1, 4, 1, 17, 588),
(4439, 1, 1, 1, 17, 589),
(4440, 1, 4, 1, 17, 589),
(4441, 1, 6, 1, 17, 589),
(4442, 1, 2, 1, 17, 590),
(4443, 1, 2, 1, 17, 591),
(4444, 1, 1, 1, 17, 164),
(4445, 1, 2, 1, 17, 164),
(4446, 1, 6, 1, 17, 164),
(4447, 1, 6, 1, 17, 825),
(4448, 1, 1, 1, 17, 865),
(4449, 1, 6, 1, 17, 865),
(4451, 1, 2, 1, 17, 866),
(4452, 1, 1, 1, 17, 786),
(4453, 1, 4, 1, 17, 786),
(4454, 1, 6, 1, 17, 786),
(4455, 1, 2, 1, 17, 787),
(4456, 1, 2, 1, 17, 788),
(4457, 1, 1, 1, 17, 414),
(4458, 1, 6, 1, 17, 414),
(4460, 1, 2, 1, 17, 527),
(4461, 1, 2, 1, 17, 528),
(4462, 1, 4, 1, 17, 528),
(4464, 1, 4, 1, 17, 592),
(4465, 1, 2, 1, 17, 15),
(4466, 1, 2, 1, 17, 789),
(4467, 1, 2, 1, 17, 671),
(4468, 1, 4, 1, 17, 671),
(4470, 1, 2, 1, 17, 672),
(4471, 1, 4, 1, 17, 672),
(4473, 1, 2, 1, 17, 351),
(4474, 1, 4, 1, 17, 351),
(4476, 1, 6, 1, 17, 165),
(4477, 1, 6, 1, 17, 167),
(4478, 1, 2, 1, 17, 265),
(4479, 1, 2, 1, 17, 266),
(4480, 1, 6, 1, 17, 790),
(4481, 1, 2, 1, 17, 353),
(4482, 1, 2, 1, 17, 16),
(4483, 1, 3, 1, 17, 593),
(4484, 1, 5, 1, 17, 593),
(4486, 1, 6, 1, 17, 933),
(4487, 1, 6, 1, 17, 80),
(4488, 1, 3, 1, 17, 416),
(4489, 1, 6, 1, 17, 269),
(4490, 1, 6, 1, 17, 418),
(4491, 1, 2, 1, 17, 596),
(4492, 1, 4, 1, 17, 597),
(4493, 1, 6, 1, 17, 599),
(4494, 1, 4, 1, 17, 828),
(4495, 1, 6, 1, 17, 85),
(4496, 1, 6, 1, 17, 86),
(4497, 1, 6, 1, 17, 87),
(4498, 1, 1, 1, 17, 421),
(4499, 1, 6, 1, 17, 421),
(4501, 1, 6, 1, 17, 422),
(4502, 1, 6, 1, 17, 934),
(4503, 1, 6, 1, 17, 425),
(4504, 1, 1, 1, 17, 793),
(4505, 1, 6, 1, 17, 793),
(4507, 1, 6, 1, 17, 426),
(4508, 1, 6, 1, 17, 626),
(4509, 1, 6, 1, 17, 627),
(4510, 1, 6, 1, 17, 427),
(4511, 1, 6, 1, 17, 674),
(4512, 1, 6, 1, 17, 675),
(4513, 1, 6, 1, 17, 428),
(4514, 1, 6, 1, 17, 965),
(4515, 1, 1, 1, 17, 88),
(4516, 1, 6, 1, 17, 88),
(4518, 1, 6, 1, 17, 89),
(4519, 1, 1, 1, 17, 869),
(4520, 1, 6, 1, 17, 869),
(4522, 1, 6, 1, 17, 90),
(4523, 1, 1, 1, 17, 429),
(4524, 1, 6, 1, 17, 429),
(4526, 1, 6, 1, 17, 935),
(4527, 1, 6, 1, 17, 432),
(4528, 1, 6, 1, 17, 270),
(4529, 1, 1, 1, 17, 177),
(4530, 1, 6, 1, 17, 177),
(4532, 1, 6, 1, 17, 178),
(4533, 1, 6, 1, 17, 271),
(4534, 1, 6, 1, 17, 91),
(4535, 1, 6, 1, 17, 92),
(4536, 1, 6, 1, 17, 677),
(4537, 1, 1, 1, 17, 272),
(4538, 1, 6, 1, 17, 272),
(4540, 1, 6, 1, 17, 273),
(4541, 1, 6, 1, 17, 179),
(4542, 1, 6, 1, 17, 834),
(4543, 1, 6, 1, 17, 795),
(4544, 1, 6, 1, 17, 42),
(4545, 1, 1, 1, 17, 630),
(4546, 1, 6, 1, 17, 630),
(4548, 1, 6, 1, 17, 436),
(4549, 1, 6, 1, 17, 438),
(4550, 1, 6, 1, 17, 439),
(4551, 1, 6, 1, 17, 274),
(4552, 1, 1, 1, 17, 43),
(4553, 1, 6, 1, 17, 43),
(4555, 1, 6, 1, 17, 357),
(4556, 1, 6, 1, 17, 358),
(4557, 1, 6, 1, 17, 359),
(4558, 1, 6, 1, 17, 360),
(4559, 1, 1, 1, 17, 361),
(4560, 1, 6, 1, 17, 361),
(4562, 1, 6, 1, 17, 362),
(4563, 1, 6, 1, 17, 363),
(4564, 1, 6, 1, 17, 440),
(4565, 1, 6, 1, 17, 601),
(4566, 1, 6, 1, 17, 632),
(4567, 1, 1, 1, 17, 180),
(4568, 1, 6, 1, 17, 180),
(4570, 1, 6, 1, 17, 181),
(4571, 1, 1, 1, 17, 441),
(4572, 1, 6, 1, 17, 441),
(4574, 1, 6, 1, 17, 442),
(4575, 1, 6, 1, 17, 682),
(4576, 1, 6, 1, 17, 683),
(4577, 1, 6, 1, 17, 443),
(4578, 1, 6, 1, 17, 182),
(4579, 1, 6, 1, 17, 444),
(4580, 1, 6, 1, 17, 445),
(4581, 1, 6, 1, 17, 446),
(4582, 1, 1, 1, 17, 183),
(4583, 1, 6, 1, 17, 183),
(4585, 1, 3, 1, 17, 689),
(4586, 1, 6, 1, 17, 689),
(4588, 1, 6, 1, 17, 690),
(4589, 1, 6, 1, 17, 691),
(4590, 1, 3, 1, 17, 693),
(4591, 1, 6, 1, 17, 693),
(4593, 1, 6, 1, 17, 694),
(4594, 1, 6, 1, 17, 635),
(4595, 1, 6, 1, 17, 697),
(4596, 1, 6, 1, 17, 700),
(4597, 1, 6, 1, 17, 874),
(4598, 1, 6, 1, 17, 701),
(4599, 1, 6, 1, 17, 875),
(4600, 1, 1, 1, 17, 876),
(4601, 1, 6, 1, 17, 876),
(4603, 1, 6, 1, 17, 448),
(4604, 1, 6, 1, 17, 937),
(4605, 1, 6, 1, 17, 703),
(4606, 1, 6, 1, 17, 450),
(4607, 1, 6, 1, 17, 184),
(4608, 1, 1, 1, 17, 704),
(4609, 1, 6, 1, 17, 704),
(4611, 1, 6, 1, 17, 637),
(4612, 1, 6, 1, 17, 185),
(4613, 1, 1, 1, 17, 705),
(4614, 1, 6, 1, 17, 705),
(4616, 1, 6, 1, 17, 142),
(4617, 1, 6, 1, 17, 706),
(4618, 1, 6, 1, 17, 186),
(4619, 1, 6, 1, 17, 708),
(4620, 1, 6, 1, 17, 277),
(4621, 1, 6, 1, 17, 453),
(4622, 1, 6, 1, 17, 799),
(4623, 1, 1, 1, 17, 278),
(4624, 1, 6, 1, 17, 278),
(4626, 1, 1, 1, 17, 45),
(4627, 1, 6, 1, 17, 45),
(4629, 1, 6, 1, 17, 46),
(4630, 1, 6, 1, 17, 95),
(4631, 1, 1, 1, 17, 47),
(4632, 1, 6, 1, 17, 47),
(4634, 1, 1, 1, 17, 280),
(4635, 1, 6, 1, 17, 280),
(4637, 1, 6, 1, 17, 939),
(4638, 1, 6, 1, 17, 48),
(4639, 1, 6, 1, 17, 49),
(4640, 1, 1, 1, 17, 603),
(4641, 1, 6, 1, 17, 603),
(4643, 1, 6, 1, 17, 606),
(4644, 1, 6, 1, 17, 187),
(4645, 1, 1, 1, 17, 188),
(4646, 1, 6, 1, 17, 188),
(4648, 1, 1, 1, 17, 50),
(4649, 1, 6, 1, 17, 50),
(4651, 1, 6, 1, 17, 880),
(4652, 1, 6, 1, 17, 189),
(4653, 1, 6, 1, 17, 836),
(4654, 1, 6, 1, 17, 800),
(4655, 1, 3, 1, 17, 52),
(4656, 1, 6, 1, 17, 52),
(4658, 1, 6, 1, 17, 53),
(4659, 1, 6, 1, 17, 54),
(4660, 1, 6, 1, 17, 55),
(4661, 1, 6, 1, 17, 56),
(4662, 1, 6, 1, 17, 281),
(4663, 1, 6, 1, 17, 190),
(4664, 1, 6, 1, 17, 801),
(4665, 1, 6, 1, 17, 282),
(4666, 1, 6, 1, 17, 884),
(4667, 1, 1, 1, 17, 454),
(4668, 1, 6, 1, 17, 454),
(4670, 1, 6, 1, 17, 455),
(4671, 1, 6, 1, 17, 839),
(4672, 1, 6, 1, 17, 96),
(4673, 1, 6, 1, 17, 192),
(4674, 1, 6, 1, 17, 607),
(4675, 1, 6, 1, 17, 885),
(4676, 1, 6, 1, 17, 713),
(4677, 1, 6, 1, 17, 886),
(4678, 1, 6, 1, 17, 887),
(4679, 1, 6, 1, 17, 283),
(4680, 1, 6, 1, 17, 284),
(4681, 1, 6, 1, 17, 285),
(4682, 1, 6, 1, 17, 374),
(4683, 1, 6, 1, 17, 643),
(4684, 1, 6, 1, 17, 61),
(4685, 1, 6, 1, 17, 287),
(4686, 1, 6, 1, 17, 842),
(4687, 1, 6, 1, 17, 288),
(4688, 1, 6, 1, 17, 942),
(4689, 1, 2, 1, 17, 475),
(4690, 1, 2, 1, 17, 193),
(4691, 1, 2, 1, 17, 477),
(4692, 1, 2, 1, 17, 290),
(4693, 1, 2, 1, 17, 375),
(4694, 1, 2, 1, 17, 377),
(4695, 1, 2, 1, 17, 890),
(4696, 1, 2, 1, 17, 608),
(4697, 1, 4, 1, 17, 610),
(4698, 1, 2, 1, 17, 147),
(4699, 1, 1, 1, 17, 203),
(4700, 1, 6, 1, 17, 203),
(4702, 1, 1, 1, 17, 207),
(4703, 1, 6, 1, 17, 207),
(4705, 1, 1, 1, 17, 208),
(4706, 1, 6, 1, 17, 208),
(4708, 1, 1, 1, 17, 645),
(4709, 1, 6, 1, 17, 645),
(4711, 1, 1, 1, 17, 210),
(4712, 1, 6, 1, 17, 210),
(4714, 1, 1, 1, 17, 294),
(4715, 1, 6, 1, 17, 294),
(4717, 1, 1, 1, 17, 213),
(4718, 1, 6, 1, 17, 213),
(4720, 1, 1, 1, 17, 967),
(4721, 1, 6, 1, 17, 967),
(4723, 1, 1, 1, 17, 611),
(4724, 1, 6, 1, 17, 611),
(4726, 1, 1, 1, 17, 386),
(4727, 1, 6, 1, 17, 386),
(4729, 1, 1, 1, 17, 217),
(4730, 1, 6, 1, 17, 217),
(4732, 1, 6, 1, 17, 100),
(4733, 1, 2, 1, 17, 148),
(4734, 1, 6, 1, 17, 148),
(4736, 1, 6, 1, 17, 101),
(4737, 1, 6, 1, 17, 486),
(4738, 1, 6, 1, 17, 298),
(4739, 1, 2, 1, 17, 102),
(4740, 1, 6, 1, 17, 102),
(4742, 1, 6, 1, 17, 229),
(4743, 1, 6, 1, 17, 104),
(4744, 1, 2, 1, 17, 535),
(4745, 1, 6, 1, 17, 535),
(4747, 1, 6, 1, 17, 537),
(4748, 1, 2, 1, 17, 538),
(4749, 1, 6, 1, 17, 538),
(4751, 1, 6, 1, 17, 106),
(4752, 1, 6, 1, 17, 389),
(4753, 1, 6, 1, 17, 392),
(4754, 1, 2, 1, 17, 340),
(4755, 1, 6, 1, 17, 340),
(4757, 1, 1, 1, 17, 110),
(4758, 1, 6, 1, 17, 110),
(4760, 1, 2, 1, 17, 492),
(4761, 1, 4, 1, 17, 492),
(4762, 1, 6, 1, 17, 492),
(4763, 1, 6, 1, 17, 304),
(4764, 1, 6, 1, 17, 396),
(4765, 1, 6, 1, 17, 311),
(4766, 1, 6, 1, 17, 117),
(4767, 1, 1, 1, 17, 615),
(4768, 1, 6, 1, 17, 615),
(4770, 1, 2, 1, 17, 956),
(4771, 1, 6, 1, 17, 956),
(4773, 1, 6, 1, 17, 324),
(4774, 1, 6, 1, 17, 127),
(4775, 1, 2, 1, 17, 128),
(4776, 1, 6, 1, 17, 128),
(4778, 1, 6, 1, 17, 160),
(4779, 1, 6, 1, 17, 130),
(4780, 1, 6, 1, 17, 503),
(4781, 1, 2, 1, 17, 515),
(4782, 1, 1, 1, 17, 516),
(4783, 1, 6, 1, 17, 516),
(4785, 1, 1, 1, 18, 405),
(4786, 1, 2, 1, 18, 405),
(4787, 1, 4, 1, 18, 405),
(4788, 1, 6, 1, 18, 405),
(4792, 1, 2, 1, 18, 407),
(4793, 1, 1, 1, 18, 520),
(4794, 1, 6, 1, 18, 520),
(4796, 1, 1, 1, 18, 864),
(4797, 1, 2, 1, 18, 864),
(4798, 1, 6, 1, 18, 864),
(4799, 1, 1, 1, 18, 137),
(4800, 1, 6, 1, 18, 137),
(4802, 1, 1, 1, 18, 71),
(4803, 1, 6, 1, 18, 71),
(4805, 1, 1, 1, 18, 72),
(4806, 1, 6, 1, 18, 72),
(4808, 1, 2, 1, 18, 408),
(4809, 1, 4, 1, 18, 408),
(4811, 1, 1, 1, 18, 409),
(4812, 1, 2, 1, 18, 409),
(4813, 1, 4, 1, 18, 409),
(4814, 1, 6, 1, 18, 409),
(4818, 1, 2, 1, 18, 411),
(4819, 1, 2, 1, 18, 929),
(4820, 1, 1, 1, 18, 260),
(4821, 1, 2, 1, 18, 260),
(4822, 1, 6, 1, 18, 260),
(4823, 1, 1, 1, 18, 261),
(4824, 1, 2, 1, 18, 261),
(4825, 1, 4, 1, 18, 261),
(4826, 1, 6, 1, 18, 261),
(4830, 1, 1, 1, 18, 262),
(4831, 1, 6, 1, 18, 262),
(4833, 1, 1, 1, 18, 335),
(4834, 1, 2, 1, 18, 335),
(4835, 1, 4, 1, 18, 335),
(4836, 1, 6, 1, 18, 335),
(4840, 1, 1, 1, 18, 162),
(4841, 1, 6, 1, 18, 162),
(4843, 1, 1, 1, 18, 263),
(4844, 1, 2, 1, 18, 263),
(4845, 1, 6, 1, 18, 263),
(4846, 1, 1, 1, 18, 138),
(4847, 1, 2, 1, 18, 138),
(4848, 1, 6, 1, 18, 138),
(4849, 1, 2, 1, 18, 73),
(4850, 1, 1, 1, 18, 521),
(4851, 1, 6, 1, 18, 521),
(4853, 1, 1, 1, 18, 522),
(4854, 1, 6, 1, 18, 522),
(4856, 1, 6, 1, 18, 523),
(4857, 1, 6, 1, 18, 623),
(4858, 1, 1, 1, 18, 624),
(4859, 1, 2, 1, 18, 624),
(4860, 1, 4, 1, 18, 624),
(4861, 1, 6, 1, 18, 624),
(4865, 1, 1, 1, 18, 668),
(4866, 1, 6, 1, 18, 668),
(4868, 1, 1, 1, 18, 669),
(4869, 1, 6, 1, 18, 669),
(4871, 1, 1, 1, 18, 625),
(4872, 1, 6, 1, 18, 625),
(4874, 1, 1, 1, 18, 8),
(4875, 1, 6, 1, 18, 8),
(4877, 1, 1, 1, 18, 344),
(4878, 1, 6, 1, 18, 344),
(4880, 1, 2, 1, 18, 345),
(4881, 1, 2, 1, 18, 346),
(4882, 1, 1, 1, 18, 347),
(4883, 1, 2, 1, 18, 347),
(4884, 1, 6, 1, 18, 347),
(4885, 1, 2, 1, 18, 348),
(4886, 1, 2, 1, 18, 349),
(4887, 1, 2, 1, 18, 525),
(4888, 1, 1, 1, 18, 526),
(4889, 1, 2, 1, 18, 526),
(4890, 1, 6, 1, 18, 526),
(4891, 1, 1, 1, 18, 163),
(4892, 1, 6, 1, 18, 163),
(4894, 1, 4, 1, 18, 350),
(4895, 1, 2, 1, 18, 9),
(4896, 1, 2, 1, 18, 972),
(4897, 1, 4, 1, 18, 972),
(4899, 1, 1, 1, 18, 930),
(4900, 1, 6, 1, 18, 930),
(4902, 1, 1, 1, 18, 412),
(4903, 1, 2, 1, 18, 412),
(4904, 1, 6, 1, 18, 412),
(4905, 1, 2, 1, 18, 931),
(4906, 1, 2, 1, 18, 932),
(4907, 1, 4, 1, 18, 932),
(4909, 1, 1, 1, 18, 670),
(4910, 1, 6, 1, 18, 670),
(4912, 1, 1, 1, 18, 264),
(4913, 1, 2, 1, 18, 264),
(4914, 1, 6, 1, 18, 264),
(4915, 1, 1, 1, 18, 11),
(4916, 1, 6, 1, 18, 11),
(4918, 1, 6, 1, 18, 587),
(4919, 1, 2, 1, 18, 588),
(4920, 1, 4, 1, 18, 588),
(4922, 1, 1, 1, 18, 589),
(4923, 1, 4, 1, 18, 589),
(4924, 1, 6, 1, 18, 589),
(4925, 1, 2, 1, 18, 590),
(4926, 1, 2, 1, 18, 591),
(4927, 1, 1, 1, 18, 164),
(4928, 1, 2, 1, 18, 164),
(4929, 1, 6, 1, 18, 164),
(4930, 1, 6, 1, 18, 825),
(4931, 1, 4, 1, 18, 973),
(4932, 1, 1, 1, 18, 865),
(4933, 1, 2, 1, 18, 865),
(4934, 1, 6, 1, 18, 865),
(4935, 1, 5, 1, 18, 974),
(4936, 1, 2, 1, 18, 866),
(4937, 1, 1, 1, 18, 786),
(4938, 1, 4, 1, 18, 786),
(4939, 1, 6, 1, 18, 786),
(4940, 1, 2, 1, 18, 787),
(4941, 1, 2, 1, 18, 788),
(4942, 1, 1, 1, 18, 414),
(4943, 1, 6, 1, 18, 414),
(4945, 1, 2, 1, 18, 527),
(4946, 1, 2, 1, 18, 528),
(4947, 1, 1, 1, 18, 867),
(4948, 1, 6, 1, 18, 867),
(4950, 1, 4, 1, 18, 592),
(4951, 1, 2, 1, 18, 15),
(4952, 1, 2, 1, 18, 789),
(4953, 1, 2, 1, 18, 671),
(4954, 1, 4, 1, 18, 671),
(4956, 1, 2, 1, 18, 672),
(4957, 1, 4, 1, 18, 672),
(4959, 1, 2, 1, 18, 351),
(4960, 1, 4, 1, 18, 351),
(4962, 1, 6, 1, 18, 165),
(4963, 1, 6, 1, 18, 167),
(4964, 1, 2, 1, 18, 265),
(4965, 1, 2, 1, 18, 266),
(4966, 1, 6, 1, 18, 790),
(4967, 1, 2, 1, 18, 975),
(4968, 1, 2, 1, 18, 353),
(4969, 1, 2, 1, 18, 16),
(4970, 1, 3, 1, 18, 593),
(4971, 1, 5, 1, 18, 593),
(4973, 1, 6, 1, 18, 933),
(4974, 1, 6, 1, 18, 80),
(4975, 1, 3, 1, 18, 416),
(4976, 1, 6, 1, 18, 269),
(4977, 1, 6, 1, 18, 418),
(4978, 1, 2, 1, 18, 596),
(4979, 1, 4, 1, 18, 597),
(4980, 1, 6, 1, 18, 599),
(4981, 1, 4, 1, 18, 828),
(4982, 1, 6, 1, 18, 85),
(4983, 1, 6, 1, 18, 86),
(4984, 1, 6, 1, 18, 87),
(4985, 1, 1, 1, 18, 421),
(4986, 1, 6, 1, 18, 421),
(4988, 1, 6, 1, 18, 422),
(4989, 1, 6, 1, 18, 934),
(4990, 1, 6, 1, 18, 425),
(4991, 1, 1, 1, 18, 793),
(4992, 1, 6, 1, 18, 793),
(4994, 1, 6, 1, 18, 426),
(4995, 1, 6, 1, 18, 626),
(4996, 1, 6, 1, 18, 627),
(4997, 1, 6, 1, 18, 427),
(4998, 1, 6, 1, 18, 674),
(4999, 1, 6, 1, 18, 675),
(5000, 1, 6, 1, 18, 428),
(5001, 1, 6, 1, 18, 965),
(5002, 1, 1, 1, 18, 88),
(5003, 1, 6, 1, 18, 88),
(5005, 1, 6, 1, 18, 89),
(5006, 1, 1, 1, 18, 869),
(5007, 1, 6, 1, 18, 869),
(5009, 1, 6, 1, 18, 90),
(5010, 1, 1, 1, 18, 429),
(5011, 1, 6, 1, 18, 429),
(5013, 1, 6, 1, 18, 935),
(5014, 1, 6, 1, 18, 432),
(5015, 1, 6, 1, 18, 270),
(5016, 1, 1, 1, 18, 177),
(5017, 1, 6, 1, 18, 177),
(5019, 1, 6, 1, 18, 178),
(5020, 1, 6, 1, 18, 271),
(5021, 1, 6, 1, 18, 91),
(5022, 1, 6, 1, 18, 92),
(5023, 1, 6, 1, 18, 677),
(5024, 1, 1, 1, 18, 272),
(5025, 1, 6, 1, 18, 272),
(5027, 1, 6, 1, 18, 273),
(5028, 1, 6, 1, 18, 179),
(5029, 1, 6, 1, 18, 834),
(5030, 1, 6, 1, 18, 795),
(5031, 1, 6, 1, 18, 42),
(5032, 1, 1, 1, 18, 630),
(5033, 1, 6, 1, 18, 630),
(5035, 1, 6, 1, 18, 436),
(5036, 1, 6, 1, 18, 438),
(5037, 1, 6, 1, 18, 439),
(5038, 1, 6, 1, 18, 274),
(5039, 1, 1, 1, 18, 43),
(5040, 1, 6, 1, 18, 43),
(5042, 1, 6, 1, 18, 357),
(5043, 1, 6, 1, 18, 358),
(5044, 1, 6, 1, 18, 359),
(5045, 1, 6, 1, 18, 360),
(5046, 1, 1, 1, 18, 361),
(5047, 1, 6, 1, 18, 361),
(5049, 1, 6, 1, 18, 362),
(5050, 1, 6, 1, 18, 363),
(5051, 1, 6, 1, 18, 440),
(5052, 1, 6, 1, 18, 601),
(5053, 1, 6, 1, 18, 632),
(5054, 1, 1, 1, 18, 180),
(5055, 1, 6, 1, 18, 180),
(5057, 1, 6, 1, 18, 181),
(5058, 1, 1, 1, 18, 441),
(5059, 1, 6, 1, 18, 441),
(5061, 1, 6, 1, 18, 442),
(5062, 1, 6, 1, 18, 682),
(5063, 1, 6, 1, 18, 683),
(5064, 1, 6, 1, 18, 443),
(5065, 1, 6, 1, 18, 182),
(5066, 1, 6, 1, 18, 444),
(5067, 1, 6, 1, 18, 445),
(5068, 1, 6, 1, 18, 446),
(5069, 1, 1, 1, 18, 183),
(5070, 1, 6, 1, 18, 183),
(5072, 1, 3, 1, 18, 689),
(5073, 1, 6, 1, 18, 689),
(5075, 1, 6, 1, 18, 690),
(5076, 1, 6, 1, 18, 691),
(5077, 1, 3, 1, 18, 693),
(5078, 1, 6, 1, 18, 693),
(5080, 1, 6, 1, 18, 694),
(5081, 1, 6, 1, 18, 635),
(5082, 1, 6, 1, 18, 697),
(5083, 1, 6, 1, 18, 700),
(5084, 1, 6, 1, 18, 874),
(5085, 1, 6, 1, 18, 701),
(5086, 1, 6, 1, 18, 875),
(5087, 1, 1, 1, 18, 876),
(5088, 1, 6, 1, 18, 876),
(5090, 1, 6, 1, 18, 448),
(5091, 1, 6, 1, 18, 937),
(5092, 1, 6, 1, 18, 703),
(5093, 1, 6, 1, 18, 450),
(5094, 1, 6, 1, 18, 184),
(5095, 1, 1, 1, 18, 704),
(5096, 1, 6, 1, 18, 704),
(5098, 1, 6, 1, 18, 637),
(5099, 1, 6, 1, 18, 185),
(5100, 1, 1, 1, 18, 705),
(5101, 1, 6, 1, 18, 705),
(5103, 1, 6, 1, 18, 142),
(5104, 1, 6, 1, 18, 706),
(5105, 1, 6, 1, 18, 186),
(5106, 1, 6, 1, 18, 708),
(5107, 1, 6, 1, 18, 277),
(5108, 1, 6, 1, 18, 453),
(5109, 1, 6, 1, 18, 799),
(5110, 1, 1, 1, 18, 278),
(5111, 1, 6, 1, 18, 278),
(5113, 1, 1, 1, 18, 45),
(5114, 1, 6, 1, 18, 45),
(5116, 1, 6, 1, 18, 46),
(5117, 1, 6, 1, 18, 95),
(5118, 1, 1, 1, 18, 47),
(5119, 1, 6, 1, 18, 47),
(5121, 1, 1, 1, 18, 280),
(5122, 1, 6, 1, 18, 280),
(5124, 1, 6, 1, 18, 939),
(5125, 1, 6, 1, 18, 48),
(5126, 1, 6, 1, 18, 49),
(5127, 1, 1, 1, 18, 603),
(5128, 1, 6, 1, 18, 603),
(5130, 1, 6, 1, 18, 606),
(5131, 1, 6, 1, 18, 187),
(5132, 1, 1, 1, 18, 188),
(5133, 1, 6, 1, 18, 188),
(5135, 1, 1, 1, 18, 50),
(5136, 1, 6, 1, 18, 50),
(5138, 1, 6, 1, 18, 880),
(5139, 1, 6, 1, 18, 189),
(5140, 1, 6, 1, 18, 836),
(5141, 1, 6, 1, 18, 800),
(5142, 1, 3, 1, 18, 52),
(5143, 1, 6, 1, 18, 52),
(5145, 1, 6, 1, 18, 53),
(5146, 1, 6, 1, 18, 54),
(5147, 1, 6, 1, 18, 55),
(5148, 1, 6, 1, 18, 56),
(5149, 1, 6, 1, 18, 281),
(5150, 1, 6, 1, 18, 190),
(5151, 1, 6, 1, 18, 801),
(5152, 1, 6, 1, 18, 282),
(5153, 1, 6, 1, 18, 884),
(5154, 1, 1, 1, 18, 454),
(5155, 1, 6, 1, 18, 454),
(5157, 1, 6, 1, 18, 455),
(5158, 1, 6, 1, 18, 839),
(5159, 1, 6, 1, 18, 96),
(5160, 1, 6, 1, 18, 192),
(5161, 1, 6, 1, 18, 607),
(5162, 1, 6, 1, 18, 885),
(5163, 1, 6, 1, 18, 713),
(5164, 1, 6, 1, 18, 886),
(5165, 1, 6, 1, 18, 887),
(5166, 1, 6, 1, 18, 283),
(5167, 1, 6, 1, 18, 284),
(5168, 1, 6, 1, 18, 285),
(5169, 1, 6, 1, 18, 374),
(5170, 1, 6, 1, 18, 643),
(5171, 1, 6, 1, 18, 61),
(5172, 1, 6, 1, 18, 287),
(5173, 1, 6, 1, 18, 842),
(5174, 1, 6, 1, 18, 288),
(5175, 1, 6, 1, 18, 942),
(5176, 1, 2, 1, 18, 475),
(5177, 1, 2, 1, 18, 193),
(5178, 1, 2, 1, 18, 477),
(5179, 1, 2, 1, 18, 290),
(5180, 1, 2, 1, 18, 375),
(5181, 1, 2, 1, 18, 377),
(5182, 1, 2, 1, 18, 890),
(5183, 1, 2, 1, 18, 608),
(5184, 1, 2, 1, 18, 147),
(5185, 1, 1, 1, 18, 203),
(5186, 1, 6, 1, 18, 203),
(5188, 1, 1, 1, 18, 207),
(5189, 1, 6, 1, 18, 207),
(5191, 1, 1, 1, 18, 208),
(5192, 1, 6, 1, 18, 208),
(5194, 1, 1, 1, 18, 645),
(5195, 1, 6, 1, 18, 645),
(5197, 1, 1, 1, 18, 210);
INSERT INTO `F_Scenario_Class` (`idScenarioFact`, `quantity_Scenario`, `D_Scenario_Clean_Code_idScenario`, `D_Project_idProject`, `D_Release_idRelease`, `D_Class_idClass`) VALUES
(5198, 1, 6, 1, 18, 210),
(5200, 1, 1, 1, 18, 294),
(5201, 1, 6, 1, 18, 294),
(5203, 1, 1, 1, 18, 213),
(5204, 1, 6, 1, 18, 213),
(5206, 1, 1, 1, 18, 967),
(5207, 1, 6, 1, 18, 967),
(5209, 1, 1, 1, 18, 611),
(5210, 1, 6, 1, 18, 611),
(5212, 1, 1, 1, 18, 386),
(5213, 1, 6, 1, 18, 386),
(5215, 1, 1, 1, 18, 217),
(5216, 1, 6, 1, 18, 217),
(5218, 1, 6, 1, 18, 100),
(5219, 1, 2, 1, 18, 148),
(5220, 1, 6, 1, 18, 148),
(5222, 1, 6, 1, 18, 101),
(5223, 1, 6, 1, 18, 486),
(5224, 1, 6, 1, 18, 298),
(5225, 1, 2, 1, 18, 102),
(5226, 1, 6, 1, 18, 102),
(5228, 1, 6, 1, 18, 229),
(5229, 1, 6, 1, 18, 104),
(5230, 1, 2, 1, 18, 535),
(5231, 1, 6, 1, 18, 535),
(5233, 1, 6, 1, 18, 537),
(5234, 1, 2, 1, 18, 538),
(5235, 1, 6, 1, 18, 538),
(5237, 1, 6, 1, 18, 106),
(5238, 1, 6, 1, 18, 389),
(5239, 1, 6, 1, 18, 392),
(5240, 1, 2, 1, 18, 340),
(5241, 1, 6, 1, 18, 340),
(5243, 1, 1, 1, 18, 110),
(5244, 1, 6, 1, 18, 110),
(5246, 1, 2, 1, 18, 492),
(5247, 1, 6, 1, 18, 492),
(5249, 1, 6, 1, 18, 304),
(5250, 1, 6, 1, 18, 396),
(5251, 1, 6, 1, 18, 311),
(5252, 1, 6, 1, 18, 117),
(5253, 1, 1, 1, 18, 615),
(5254, 1, 6, 1, 18, 615),
(5256, 1, 2, 1, 18, 956),
(5257, 1, 6, 1, 18, 956),
(5259, 1, 6, 1, 18, 324),
(5260, 1, 6, 1, 18, 127),
(5261, 1, 2, 1, 18, 128),
(5262, 1, 6, 1, 18, 128),
(5264, 1, 6, 1, 18, 160),
(5265, 1, 6, 1, 18, 130),
(5266, 1, 6, 1, 18, 503),
(5267, 1, 2, 1, 18, 515),
(5268, 1, 1, 1, 18, 516),
(5269, 1, 6, 1, 18, 516),
(5271, 1, 1, 1, 19, 405),
(5272, 1, 2, 1, 19, 405),
(5273, 1, 4, 1, 19, 405),
(5274, 1, 6, 1, 19, 405),
(5278, 1, 2, 1, 19, 407),
(5279, 1, 1, 1, 19, 520),
(5280, 1, 6, 1, 19, 520),
(5282, 1, 1, 1, 19, 864),
(5283, 1, 2, 1, 19, 864),
(5284, 1, 6, 1, 19, 864),
(5285, 1, 1, 1, 19, 137),
(5286, 1, 6, 1, 19, 137),
(5288, 1, 1, 1, 19, 71),
(5289, 1, 6, 1, 19, 71),
(5291, 1, 1, 1, 19, 72),
(5292, 1, 6, 1, 19, 72),
(5294, 1, 2, 1, 19, 408),
(5295, 1, 4, 1, 19, 408),
(5297, 1, 1, 1, 19, 409),
(5298, 1, 2, 1, 19, 409),
(5299, 1, 4, 1, 19, 409),
(5300, 1, 6, 1, 19, 409),
(5304, 1, 2, 1, 19, 411),
(5305, 1, 2, 1, 19, 929),
(5306, 1, 1, 1, 19, 260),
(5307, 1, 2, 1, 19, 260),
(5308, 1, 6, 1, 19, 260),
(5309, 1, 1, 1, 19, 261),
(5310, 1, 2, 1, 19, 261),
(5311, 1, 4, 1, 19, 261),
(5312, 1, 6, 1, 19, 261),
(5316, 1, 1, 1, 19, 262),
(5317, 1, 6, 1, 19, 262),
(5319, 1, 1, 1, 19, 335),
(5320, 1, 2, 1, 19, 335),
(5321, 1, 6, 1, 19, 335),
(5322, 1, 1, 1, 19, 162),
(5323, 1, 6, 1, 19, 162),
(5325, 1, 1, 1, 19, 263),
(5326, 1, 2, 1, 19, 263),
(5327, 1, 6, 1, 19, 263),
(5328, 1, 1, 1, 19, 138),
(5329, 1, 2, 1, 19, 138),
(5330, 1, 6, 1, 19, 138),
(5331, 1, 2, 1, 19, 73),
(5332, 1, 1, 1, 19, 521),
(5333, 1, 6, 1, 19, 521),
(5335, 1, 1, 1, 19, 522),
(5336, 1, 6, 1, 19, 522),
(5338, 1, 6, 1, 19, 523),
(5339, 1, 6, 1, 19, 623),
(5340, 1, 1, 1, 19, 624),
(5341, 1, 2, 1, 19, 624),
(5342, 1, 4, 1, 19, 624),
(5343, 1, 6, 1, 19, 624),
(5347, 1, 1, 1, 19, 668),
(5348, 1, 6, 1, 19, 668),
(5350, 1, 1, 1, 19, 669),
(5351, 1, 6, 1, 19, 669),
(5353, 1, 1, 1, 19, 625),
(5354, 1, 6, 1, 19, 625),
(5356, 1, 1, 1, 19, 8),
(5357, 1, 6, 1, 19, 8),
(5359, 1, 1, 1, 19, 344),
(5360, 1, 6, 1, 19, 344),
(5362, 1, 2, 1, 19, 345),
(5363, 1, 2, 1, 19, 346),
(5364, 1, 1, 1, 19, 347),
(5365, 1, 2, 1, 19, 347),
(5366, 1, 6, 1, 19, 347),
(5367, 1, 2, 1, 19, 348),
(5368, 1, 2, 1, 19, 349),
(5369, 1, 2, 1, 19, 525),
(5370, 1, 1, 1, 19, 526),
(5371, 1, 2, 1, 19, 526),
(5372, 1, 6, 1, 19, 526),
(5373, 1, 1, 1, 19, 163),
(5374, 1, 6, 1, 19, 163),
(5376, 1, 4, 1, 19, 350),
(5377, 1, 2, 1, 19, 9),
(5378, 1, 2, 1, 19, 972),
(5379, 1, 4, 1, 19, 972),
(5381, 1, 1, 1, 19, 930),
(5382, 1, 6, 1, 19, 930),
(5384, 1, 1, 1, 19, 412),
(5385, 1, 2, 1, 19, 412),
(5386, 1, 6, 1, 19, 412),
(5387, 1, 2, 1, 19, 931),
(5388, 1, 2, 1, 19, 932),
(5389, 1, 4, 1, 19, 932),
(5391, 1, 1, 1, 19, 670),
(5392, 1, 6, 1, 19, 670),
(5394, 1, 1, 1, 19, 264),
(5395, 1, 2, 1, 19, 264),
(5396, 1, 6, 1, 19, 264),
(5397, 1, 1, 1, 19, 11),
(5398, 1, 6, 1, 19, 11),
(5400, 1, 6, 1, 19, 587),
(5401, 1, 1, 1, 19, 588),
(5402, 1, 2, 1, 19, 588),
(5403, 1, 4, 1, 19, 588),
(5404, 1, 6, 1, 19, 588),
(5408, 1, 1, 1, 19, 589),
(5409, 1, 4, 1, 19, 589),
(5410, 1, 6, 1, 19, 589),
(5411, 1, 2, 1, 19, 590),
(5412, 1, 2, 1, 19, 591),
(5413, 1, 1, 1, 19, 164),
(5414, 1, 2, 1, 19, 164),
(5415, 1, 6, 1, 19, 164),
(5416, 1, 6, 1, 19, 825),
(5417, 1, 4, 1, 19, 973),
(5418, 1, 1, 1, 19, 865),
(5419, 1, 2, 1, 19, 865),
(5420, 1, 6, 1, 19, 865),
(5421, 1, 5, 1, 19, 974),
(5422, 1, 2, 1, 19, 866),
(5423, 1, 1, 1, 19, 786),
(5424, 1, 4, 1, 19, 786),
(5425, 1, 6, 1, 19, 786),
(5426, 1, 2, 1, 19, 787),
(5427, 1, 2, 1, 19, 788),
(5428, 1, 1, 1, 19, 414),
(5429, 1, 6, 1, 19, 414),
(5431, 1, 2, 1, 19, 527),
(5432, 1, 2, 1, 19, 528),
(5433, 1, 2, 1, 19, 982),
(5434, 1, 1, 1, 19, 867),
(5435, 1, 6, 1, 19, 867),
(5437, 1, 4, 1, 19, 592),
(5438, 1, 2, 1, 19, 15),
(5439, 1, 2, 1, 19, 789),
(5440, 1, 2, 1, 19, 671),
(5441, 1, 4, 1, 19, 671),
(5443, 1, 2, 1, 19, 672),
(5444, 1, 4, 1, 19, 672),
(5446, 1, 2, 1, 19, 351),
(5447, 1, 4, 1, 19, 351),
(5449, 1, 6, 1, 19, 165),
(5450, 1, 6, 1, 19, 167),
(5451, 1, 2, 1, 19, 265),
(5452, 1, 2, 1, 19, 266),
(5453, 1, 6, 1, 19, 790),
(5454, 1, 2, 1, 19, 975),
(5455, 1, 2, 1, 19, 353),
(5456, 1, 2, 1, 19, 16),
(5457, 1, 3, 1, 19, 593),
(5458, 1, 5, 1, 19, 593),
(5460, 1, 6, 1, 19, 933),
(5461, 1, 6, 1, 19, 80),
(5462, 1, 3, 1, 19, 416),
(5463, 1, 6, 1, 19, 269),
(5464, 1, 6, 1, 19, 418),
(5465, 1, 2, 1, 19, 596),
(5466, 1, 4, 1, 19, 597),
(5467, 1, 6, 1, 19, 599),
(5468, 1, 4, 1, 19, 828),
(5469, 1, 6, 1, 19, 85),
(5470, 1, 6, 1, 19, 86),
(5471, 1, 6, 1, 19, 87),
(5472, 1, 1, 1, 19, 421),
(5473, 1, 6, 1, 19, 421),
(5475, 1, 6, 1, 19, 422),
(5476, 1, 6, 1, 19, 934),
(5477, 1, 6, 1, 19, 425),
(5478, 1, 1, 1, 19, 793),
(5479, 1, 6, 1, 19, 793),
(5481, 1, 6, 1, 19, 426),
(5482, 1, 6, 1, 19, 626),
(5483, 1, 6, 1, 19, 627),
(5484, 1, 6, 1, 19, 427),
(5485, 1, 6, 1, 19, 674),
(5486, 1, 6, 1, 19, 675),
(5487, 1, 6, 1, 19, 428),
(5488, 1, 6, 1, 19, 965),
(5489, 1, 1, 1, 19, 88),
(5490, 1, 6, 1, 19, 88),
(5492, 1, 6, 1, 19, 89),
(5493, 1, 1, 1, 19, 869),
(5494, 1, 6, 1, 19, 869),
(5496, 1, 6, 1, 19, 90),
(5497, 1, 1, 1, 19, 429),
(5498, 1, 6, 1, 19, 429),
(5500, 1, 6, 1, 19, 935),
(5501, 1, 6, 1, 19, 432),
(5502, 1, 6, 1, 19, 270),
(5503, 1, 1, 1, 19, 177),
(5504, 1, 6, 1, 19, 177),
(5506, 1, 6, 1, 19, 178),
(5507, 1, 6, 1, 19, 271),
(5508, 1, 6, 1, 19, 91),
(5509, 1, 6, 1, 19, 92),
(5510, 1, 6, 1, 19, 677),
(5511, 1, 1, 1, 19, 272),
(5512, 1, 6, 1, 19, 272),
(5514, 1, 6, 1, 19, 273),
(5515, 1, 6, 1, 19, 179),
(5516, 1, 6, 1, 19, 834),
(5517, 1, 6, 1, 19, 795),
(5518, 1, 6, 1, 19, 42),
(5519, 1, 1, 1, 19, 630),
(5520, 1, 6, 1, 19, 630),
(5522, 1, 6, 1, 19, 436),
(5523, 1, 6, 1, 19, 438),
(5524, 1, 6, 1, 19, 439),
(5525, 1, 6, 1, 19, 274),
(5526, 1, 1, 1, 19, 43),
(5527, 1, 6, 1, 19, 43),
(5529, 1, 6, 1, 19, 357),
(5530, 1, 6, 1, 19, 358),
(5531, 1, 6, 1, 19, 359),
(5532, 1, 6, 1, 19, 360),
(5533, 1, 1, 1, 19, 361),
(5534, 1, 6, 1, 19, 361),
(5536, 1, 6, 1, 19, 362),
(5537, 1, 6, 1, 19, 363),
(5538, 1, 6, 1, 19, 440),
(5539, 1, 6, 1, 19, 601),
(5540, 1, 6, 1, 19, 632),
(5541, 1, 1, 1, 19, 180),
(5542, 1, 6, 1, 19, 180),
(5544, 1, 6, 1, 19, 181),
(5545, 1, 1, 1, 19, 441),
(5546, 1, 6, 1, 19, 441),
(5548, 1, 6, 1, 19, 442),
(5549, 1, 6, 1, 19, 682),
(5550, 1, 6, 1, 19, 683),
(5551, 1, 6, 1, 19, 443),
(5552, 1, 6, 1, 19, 182),
(5553, 1, 6, 1, 19, 444),
(5554, 1, 6, 1, 19, 445),
(5555, 1, 6, 1, 19, 446),
(5556, 1, 1, 1, 19, 183),
(5557, 1, 6, 1, 19, 183),
(5559, 1, 3, 1, 19, 689),
(5560, 1, 6, 1, 19, 689),
(5562, 1, 6, 1, 19, 690),
(5563, 1, 6, 1, 19, 691),
(5564, 1, 3, 1, 19, 693),
(5565, 1, 6, 1, 19, 693),
(5567, 1, 6, 1, 19, 694),
(5568, 1, 6, 1, 19, 635),
(5569, 1, 6, 1, 19, 697),
(5570, 1, 6, 1, 19, 700),
(5571, 1, 6, 1, 19, 874),
(5572, 1, 6, 1, 19, 701),
(5573, 1, 6, 1, 19, 875),
(5574, 1, 1, 1, 19, 876),
(5575, 1, 6, 1, 19, 876),
(5577, 1, 6, 1, 19, 448),
(5578, 1, 6, 1, 19, 937),
(5579, 1, 6, 1, 19, 703),
(5580, 1, 6, 1, 19, 450),
(5581, 1, 6, 1, 19, 184),
(5582, 1, 1, 1, 19, 704),
(5583, 1, 6, 1, 19, 704),
(5585, 1, 6, 1, 19, 637),
(5586, 1, 6, 1, 19, 185),
(5587, 1, 1, 1, 19, 705),
(5588, 1, 6, 1, 19, 705),
(5590, 1, 6, 1, 19, 142),
(5591, 1, 6, 1, 19, 706),
(5592, 1, 6, 1, 19, 186),
(5593, 1, 6, 1, 19, 708),
(5594, 1, 6, 1, 19, 277),
(5595, 1, 6, 1, 19, 453),
(5596, 1, 6, 1, 19, 799),
(5597, 1, 1, 1, 19, 278),
(5598, 1, 6, 1, 19, 278),
(5600, 1, 1, 1, 19, 45),
(5601, 1, 6, 1, 19, 45),
(5603, 1, 6, 1, 19, 46),
(5604, 1, 6, 1, 19, 95),
(5605, 1, 1, 1, 19, 47),
(5606, 1, 6, 1, 19, 47),
(5608, 1, 1, 1, 19, 280),
(5609, 1, 6, 1, 19, 280),
(5611, 1, 6, 1, 19, 939),
(5612, 1, 6, 1, 19, 48),
(5613, 1, 6, 1, 19, 49),
(5614, 1, 1, 1, 19, 603),
(5615, 1, 6, 1, 19, 603),
(5617, 1, 6, 1, 19, 606),
(5618, 1, 6, 1, 19, 187),
(5619, 1, 1, 1, 19, 188),
(5620, 1, 6, 1, 19, 188),
(5622, 1, 1, 1, 19, 50),
(5623, 1, 6, 1, 19, 50),
(5625, 1, 6, 1, 19, 880),
(5626, 1, 6, 1, 19, 189),
(5627, 1, 6, 1, 19, 836),
(5628, 1, 6, 1, 19, 800),
(5629, 1, 3, 1, 19, 52),
(5630, 1, 6, 1, 19, 52),
(5632, 1, 6, 1, 19, 53),
(5633, 1, 6, 1, 19, 54),
(5634, 1, 6, 1, 19, 55),
(5635, 1, 6, 1, 19, 56),
(5636, 1, 6, 1, 19, 281),
(5637, 1, 6, 1, 19, 190),
(5638, 1, 6, 1, 19, 801),
(5639, 1, 6, 1, 19, 282),
(5640, 1, 6, 1, 19, 884),
(5641, 1, 1, 1, 19, 454),
(5642, 1, 6, 1, 19, 454),
(5644, 1, 6, 1, 19, 455),
(5645, 1, 6, 1, 19, 839),
(5646, 1, 6, 1, 19, 96),
(5647, 1, 6, 1, 19, 192),
(5648, 1, 6, 1, 19, 607),
(5649, 1, 6, 1, 19, 885),
(5650, 1, 6, 1, 19, 713),
(5651, 1, 6, 1, 19, 886),
(5652, 1, 6, 1, 19, 887),
(5653, 1, 6, 1, 19, 283),
(5654, 1, 6, 1, 19, 284),
(5655, 1, 6, 1, 19, 285),
(5656, 1, 6, 1, 19, 374),
(5657, 1, 6, 1, 19, 643),
(5658, 1, 6, 1, 19, 61),
(5659, 1, 6, 1, 19, 287),
(5660, 1, 6, 1, 19, 842),
(5661, 1, 6, 1, 19, 288),
(5662, 1, 6, 1, 19, 942),
(5663, 1, 2, 1, 19, 475),
(5664, 1, 2, 1, 19, 193),
(5665, 1, 2, 1, 19, 477),
(5666, 1, 2, 1, 19, 290),
(5667, 1, 2, 1, 19, 375),
(5668, 1, 2, 1, 19, 377),
(5669, 1, 2, 1, 19, 890),
(5670, 1, 2, 1, 19, 608),
(5671, 1, 2, 1, 19, 147),
(5672, 1, 1, 1, 19, 203),
(5673, 1, 6, 1, 19, 203),
(5675, 1, 1, 1, 19, 207),
(5676, 1, 6, 1, 19, 207),
(5678, 1, 1, 1, 19, 208),
(5679, 1, 6, 1, 19, 208),
(5681, 1, 1, 1, 19, 645),
(5682, 1, 6, 1, 19, 645),
(5684, 1, 1, 1, 19, 210),
(5685, 1, 6, 1, 19, 210),
(5687, 1, 1, 1, 19, 294),
(5688, 1, 6, 1, 19, 294),
(5690, 1, 1, 1, 19, 213),
(5691, 1, 6, 1, 19, 213),
(5693, 1, 1, 1, 19, 967),
(5694, 1, 6, 1, 19, 967),
(5696, 1, 1, 1, 19, 611),
(5697, 1, 6, 1, 19, 611),
(5699, 1, 1, 1, 19, 386),
(5700, 1, 6, 1, 19, 386),
(5702, 1, 1, 1, 19, 217),
(5703, 1, 6, 1, 19, 217),
(5705, 1, 6, 1, 19, 100),
(5706, 1, 2, 1, 19, 148),
(5707, 1, 6, 1, 19, 148),
(5709, 1, 6, 1, 19, 101),
(5710, 1, 6, 1, 19, 486),
(5711, 1, 6, 1, 19, 298),
(5712, 1, 2, 1, 19, 102),
(5713, 1, 6, 1, 19, 102),
(5715, 1, 6, 1, 19, 229),
(5716, 1, 6, 1, 19, 104),
(5717, 1, 2, 1, 19, 535),
(5718, 1, 6, 1, 19, 535),
(5720, 1, 6, 1, 19, 537),
(5721, 1, 2, 1, 19, 538),
(5722, 1, 6, 1, 19, 538),
(5724, 1, 6, 1, 19, 106),
(5725, 1, 6, 1, 19, 389),
(5726, 1, 6, 1, 19, 392),
(5727, 1, 2, 1, 19, 340),
(5728, 1, 6, 1, 19, 340),
(5730, 1, 1, 1, 19, 110),
(5731, 1, 6, 1, 19, 110),
(5733, 1, 6, 1, 19, 492),
(5734, 1, 6, 1, 19, 304),
(5735, 1, 6, 1, 19, 396),
(5736, 1, 6, 1, 19, 311),
(5737, 1, 6, 1, 19, 117),
(5738, 1, 1, 1, 19, 615),
(5739, 1, 4, 1, 19, 615),
(5740, 1, 6, 1, 19, 615),
(5741, 1, 2, 1, 19, 956),
(5742, 1, 6, 1, 19, 956),
(5744, 1, 6, 1, 19, 324),
(5745, 1, 6, 1, 19, 127),
(5746, 1, 2, 1, 19, 128),
(5747, 1, 6, 1, 19, 128),
(5749, 1, 6, 1, 19, 160),
(5750, 1, 6, 1, 19, 130),
(5751, 1, 6, 1, 19, 503),
(5752, 1, 2, 1, 19, 515),
(5753, 1, 1, 1, 19, 516),
(5754, 1, 6, 1, 19, 516);

-- --------------------------------------------------------

--
-- Estrutura para tabela `Meta_Metric_Ranges`
--

CREATE TABLE IF NOT EXISTS `Meta_Metric_Ranges` (
  `idMetricRange` int(11) NOT NULL AUTO_INCREMENT,
  `metric_name` varchar(45) DEFAULT NULL,
  `description` varchar(45) DEFAULT NULL,
  `min` double DEFAULT NULL,
  `max` double DEFAULT NULL,
  `language_name` varchar(45) DEFAULT NULL,
  `quality_index` varchar(45) DEFAULT NULL,
  `configuration_name` varchar(45) DEFAULT NULL,
  PRIMARY KEY (`idMetricRange`)
) ENGINE=InnoDB  DEFAULT CHARSET=utf8 AUTO_INCREMENT=97 ;

--
-- Fazendo dump de dados para tabela `Meta_Metric_Ranges`
--

INSERT INTO `Meta_Metric_Ranges` (`idMetricRange`, `metric_name`, `description`, `min`, `max`, `language_name`, `quality_index`, `configuration_name`) VALUES
(1, 'LOC', 'Lines of Code', 0, 33, 'java', 'Excelente', 'Open JDK8 Metrics'),
(2, 'LOC', 'Lines of Code', 34, 87, 'java', 'Bom', 'Open JDK8 Metrics'),
(3, 'LOC', 'Lines of Code', 88, 200, 'java', 'Regular', 'Open JDK8 Metrics'),
(4, 'LOC', 'Lines of Code', 200, 4294967295, 'java', 'Ruim', 'Open JDK8 Metrics'),
(5, 'LOC', 'Lines of Code', 0, 33, 'java', 'Excelente', 'Tomcat Metrics'),
(6, 'LOC', 'Lines of Code', 34, 105, 'java', 'Bom', 'Tomcat Metrics'),
(7, 'LOC', 'Lines of Code', 106, 276, 'java', 'Regular', 'Tomcat Metrics'),
(8, 'LOC', 'Lines of Code', 276, 4294967295, 'java', 'Ruim', 'Tomcat Metrics'),
(9, 'ACCM', 'Average Cyclomatic Complexity per Method', 0, 2.8, 'java', 'Excelente', 'Open JDK8 Metrics'),
(10, 'ACCM', 'Average Cyclomatic Complexity per Method', 2.9, 4.4, 'java', 'Bom', 'Open JDK8 Metrics'),
(11, 'ACCM', 'Average Cyclomatic Complexity per Method', 4.5, 6, 'java', 'Regular', 'Open JDK8 Metrics'),
(12, 'ACCM', 'Average Cyclomatic Complexity per Method', 6.1, 4294967295, 'java', 'Ruim', 'Open JDK8 Metrics'),
(13, 'ACCM', 'Average Cyclomatic Complexity per Method', 0, 3.1, 'java', 'Excelente', 'Tomcat Metrics'),
(14, 'ACCM', 'Average Cyclomatic Complexity per Method', 3.1, 4, 'java', 'Bom', 'Tomcat Metrics'),
(15, 'ACCM', 'Average Cyclomatic Complexity per Method', 4.1, 6, 'java', 'Regular', 'Tomcat Metrics'),
(16, 'ACCM', 'Average Cyclomatic Complexity per Method', 6.1, 4294967295, 'java', 'Ruim', 'Tomcat Metrics'),
(17, 'AMLOC', 'Average Method Lines of Code', 0, 8.3, 'java', 'Excelente', 'Open JDK8 Metrics'),
(18, 'AMLOC', 'Average Method Lines of Code', 8.4, 18, 'java', 'Bom', 'Open JDK8 Metrics'),
(19, 'AMLOC', 'Average Method Lines of Code', 19, 34, 'java', 'Regular', 'Open JDK8 Metrics'),
(20, 'AMLOC', 'Average Method Lines of Code', 35, 4294967295, 'java', 'Ruim', 'Open JDK8 Metrics'),
(21, 'AMLOC', 'Average Method Lines of Code', 0, 8, 'java', 'Excelente', 'Tomcat Metrics'),
(22, 'AMLOC', 'Average Method Lines of Code', 8.1, 16, 'java', 'Bom', 'Tomcat Metrics'),
(23, 'AMLOC', 'Average Method Lines of Code', 16.1, 27, 'java', 'Regular', 'Tomcat Metrics'),
(24, 'AMLOC', 'Average Method Lines of Code', 27, 4294967295, 'java', 'Ruim', 'Tomcat Metrics'),
(25, 'ACC', 'Afferent Connections per Class', 0, 1, 'java', 'Excelente', 'Open JDK8 Metrics'),
(26, 'ACC', 'Afferent Connections per Class', 1.1, 5, 'java', 'Bom', 'Open JDK8 Metrics'),
(27, 'ACC', 'Afferent Connections per Class', 5.1, 12, 'java', 'Regular', 'Open JDK8 Metrics'),
(28, 'ACC', 'Afferent Connections per Class', 12.1, 4294967295, 'java', 'Ruim', 'Open JDK8 Metrics'),
(29, 'ACC', 'Afferent Connections per Class', 0, 1, 'java', 'Excelente', 'Tomcat Metrics'),
(30, 'ACC', 'Afferent Connections per Class', 1.1, 5, 'java', 'Bom', 'Tomcat Metrics'),
(31, 'ACC', 'Afferent Connections per Class', 5.1, 13, 'java', 'Regular', 'Tomcat Metrics'),
(32, 'ACC', 'Afferent Connections per Class', 13.1, 4294967295, 'java', 'Ruim', 'Tomcat Metrics'),
(33, 'ANPM', 'Average Number of Parameters per Method', 0, 1.5, 'java', 'Excelente', 'Open JDK8 Metrics'),
(34, 'ANPM', 'Average Number of Parameters per Method', 1.6, 2.3, 'java', 'Bom', 'Open JDK8 Metrics'),
(35, 'ANPM', 'Average Number of Parameters per Method', 2.4, 3, 'java', 'Regular', 'Open JDK8 Metrics'),
(36, 'ANPM', 'Average Number of Parameters per Method', 3.1, 4294967295, 'java', 'Ruim', 'Open JDK8 Metrics'),
(37, 'ANPM', 'Average Number of Parameters per Method', 0, 2, 'java', 'Excelente', 'Tomcat Metrics'),
(38, 'ANPM', 'Average Number of Parameters per Method', 2.1, 3, 'java', 'Bom', 'Tomcat Metrics'),
(39, 'ANPM', 'Average Number of Parameters per Method', 3.1, 5, 'java', 'Regular', 'Tomcat Metrics'),
(40, 'ANPM', 'Average Number of Parameters per Method', 5.1, 4294967295, 'java', 'Ruim', 'Tomcat Metrics'),
(41, 'CBO', 'Coupling Between Objects', 0, 3, 'java', 'Excelente', 'Open JDK8 Metrics'),
(42, 'CBO', 'Coupling Between Objects', 4, 6, 'java', 'Bom', 'Open JDK8 Metrics'),
(43, 'CBO', 'Coupling Between Objects', 7, 9, 'java', 'Regular', 'Open JDK8 Metrics'),
(44, 'CBO', 'Coupling Between Objects', 10, 4294967295, 'java', 'Ruim', 'Open JDK8 Metrics'),
(45, 'CBO', 'Coupling Between Objects', 0, 2, 'java', 'Excelente', 'Tomcat Metrics'),
(46, 'CBO', 'Coupling Between Objects', 3, 5, 'java', 'Bom', 'Tomcat Metrics'),
(47, 'CBO', 'Coupling Between Objects', 5, 7, 'java', 'Regular', 'Tomcat Metrics'),
(48, 'CBO', 'Coupling Between Objects', 8, 4294967295, 'java', 'Ruim', 'Tomcat Metrics'),
(49, 'DIT', 'Depth of Inheritance Tree', 0, 2, 'java', 'Excelente', 'Open JDK8 Metrics'),
(50, 'DIT', 'Depth of Inheritance Tree', 3, 4, 'java', 'Bom', 'Open JDK8 Metrics'),
(51, 'DIT', 'Depth of Inheritance Tree', 5, 6, 'java', 'Regular', 'Open JDK8 Metrics'),
(52, 'DIT', 'Depth of Inheritance Tree', 7, 4294967295, 'java', 'Ruim', 'Open JDK8 Metrics'),
(53, 'DIT', 'Depth of Inheritance Tree', 0, 1, 'java', 'Excelente', 'Tomcat Metrics'),
(54, 'DIT', 'Depth of Inheritance Tree', 2, 3, 'java', 'Bom', 'Tomcat Metrics'),
(55, 'DIT', 'Depth of Inheritance Tree', 4, 4, 'java', 'Regular', 'Tomcat Metrics'),
(56, 'DIT', 'Depth of Inheritance Tree', 5, 4294967295, 'java', 'Ruim', 'Tomcat Metrics'),
(57, 'LCOM4', 'Lack of Cohesion in Methods', 0, 3, 'java', 'Excelente', 'Open JDK8 Metrics'),
(58, 'LCOM4', 'Lack of Cohesion in Methods', 4, 7, 'java', 'Bom', 'Open JDK8 Metrics'),
(59, 'LCOM4', 'Lack of Cohesion in Methods', 8, 12, 'java', 'Regular', 'Open JDK8 Metrics'),
(60, 'LCOM4', 'Lack of Cohesion in Methods', 13, 4294967295, 'java', 'Ruim', 'Open JDK8 Metrics'),
(61, 'LCOM4', 'Lack of Cohesion in Methods', 0, 3, 'java', 'Excelente', 'Tomcat Metrics'),
(62, 'LCOM4', 'Lack of Cohesion in Methods', 4, 7, 'java', 'Bom', 'Tomcat Metrics'),
(63, 'LCOM4', 'Lack of Cohesion in Methods', 8, 11, 'java', 'Regular', 'Tomcat Metrics'),
(64, 'LCOM4', 'Lack of Cohesion in Methods', 12, 4294967295, 'java', 'Ruim', 'Tomcat Metrics'),
(65, 'NOC', 'Number of Children', 0, 0, 'java', 'Excelente', 'Open JDK8 Metrics'),
(66, 'NOC', 'Number of Children', 1, 2, 'java', 'Bom', 'Open JDK8 Metrics'),
(67, 'NOC', 'Number of Children', 3, 3, 'java', 'Regular', 'Open JDK8 Metrics'),
(68, 'NOC', 'Number of Children', 4, 4294967295, 'java', 'Ruim', 'Open JDK8 Metrics'),
(69, 'NOC', 'Number of Children', 0, 0, 'java', 'Excelente', 'Tomcat Metrics'),
(70, 'NOC', 'Number of Children', 1, 2, 'java', 'Bom', 'Tomcat Metrics'),
(71, 'NOC', 'Number of Children', 3, 3, 'java', 'Regular', 'Tomcat Metrics'),
(72, 'NOC', 'Number of Children', 4, 4294967295, 'java', 'Ruim', 'Tomcat Metrics'),
(73, 'NOM', 'Number of Methods', 0, 8, 'java', 'Excelente', 'Open JDK8 Metrics'),
(74, 'NOM', 'Number of Methods', 9, 17, 'java', 'Bom', 'Open JDK8 Metrics'),
(75, 'NOM', 'Number of Methods', 18, 27, 'java', 'Regular', 'Open JDK8 Metrics'),
(76, 'NOM', 'Number of Methods', 28, 4294967295, 'java', 'Ruim', 'Open JDK8 Metrics'),
(77, 'NOM', 'Number of Methods', 0, 10, 'java', 'Excelente', 'Tomcat Metrics'),
(78, 'NOM', 'Number of Methods', 11, 21, 'java', 'Bom', 'Tomcat Metrics'),
(79, 'NOM', 'Number of Methods', 22, 35, 'java', 'Regular', 'Tomcat Metrics'),
(80, 'NOM', 'Number of Methods', 36, 4294967295, 'java', 'Ruim', 'Tomcat Metrics'),
(81, 'NPA', 'Number of Public Attributes', 0, 0, 'java', 'Excelente', 'Open JDK8 Metrics'),
(82, 'NPA', 'Number of Public Attributes', 1, 1, 'java', 'Bom', 'Open JDK8 Metrics'),
(83, 'NPA', 'Number of Public Attributes', 2, 3, 'java', 'Regular', 'Open JDK8 Metrics'),
(84, 'NPA', 'Number of Public Attributes', 4, 4294967295, 'java', 'Ruim', 'Open JDK8 Metrics'),
(85, 'NPA', 'Number of Public Attributes', 0, 0, 'java', 'Excelente', 'Tomcat Metrics'),
(86, 'NPA', 'Number of Public Attributes', 1, 1, 'java', 'Bom', 'Tomcat Metrics'),
(87, 'NPA', 'Number of Public Attributes', 2, 3, 'java', 'Regular', 'Tomcat Metrics'),
(88, 'NPA', 'Number of Public Attributes', 4, 4294967295, 'java', 'Ruim', 'Tomcat Metrics'),
(89, 'RFC', 'Response for Class', 0, 9, 'java', 'Excelente', 'Open JDK8 Metrics'),
(90, 'RFC', 'Response for Class', 10, 26, 'java', 'Bom', 'Open JDK8 Metrics'),
(91, 'RFC', 'Response for Class', 27, 59, 'java', 'Regular', 'Open JDK8 Metrics'),
(92, 'RFC', 'Response for Class', 60, 4294967295, 'java', 'Ruim', 'Open JDK8 Metrics'),
(93, 'RFC', 'Response for Class', 0, 11, 'java', 'Excelente', 'Tomcat Metrics'),
(94, 'RFC', 'Response for Class', 12, 30, 'java', 'Bom', 'Tomcat Metrics'),
(95, 'RFC', 'Response for Class', 31, 74, 'java', 'Regular', 'Tomcat Metrics'),
(96, 'RFC', 'Response for Class', 75, 4294967295, 'java', 'Ruim', 'Tomcat Metrics');

-- --------------------------------------------------------

--
-- Estrutura para tabela `Meta_Metric_Ranges_Meta_Scenario`
--

CREATE TABLE IF NOT EXISTS `Meta_Metric_Ranges_Meta_Scenario` (
  `idMeta_Scenario_Ranges` int(11) NOT NULL,
  `Meta_Scenario_idMeta_Scenario` int(11) DEFAULT NULL,
  `Meta_Metric_Ranges_idMetricRange1` int(11) DEFAULT NULL,
  `Meta_Metric_Ranges_idMetricRange2` int(11) DEFAULT NULL,
  PRIMARY KEY (`idMeta_Scenario_Ranges`),
  KEY `fk_Meta_Metric_Ranges_has_Meta_Scenario_Meta_Scenario1_idx` (`Meta_Scenario_idMeta_Scenario`),
  KEY `fk_Meta_Metric_Ranges_has_Meta_Scenario_Meta_Metric_Ranges1_idx` (`Meta_Metric_Ranges_idMetricRange1`),
  KEY `fk_Meta_Metric_Ranges_has_Meta_Scenario_Meta_Metric_Ranges2_idx` (`Meta_Metric_Ranges_idMetricRange2`)
) ENGINE=InnoDB DEFAULT CHARSET=utf8;

--
-- Fazendo dump de dados para tabela `Meta_Metric_Ranges_Meta_Scenario`
--

INSERT INTO `Meta_Metric_Ranges_Meta_Scenario` (`idMeta_Scenario_Ranges`, `Meta_Scenario_idMeta_Scenario`, `Meta_Metric_Ranges_idMetricRange1`, `Meta_Metric_Ranges_idMetricRange2`) VALUES
(1, 1, 59, 91),
(2, 1, 59, 92),
(3, 1, 60, 91),
(4, 1, 60, 92),
(5, 2, 35, NULL),
(6, 2, 36, NULL),
(7, 3, 67, NULL),
(8, 3, 68, NULL),
(9, 4, 11, 19),
(10, 4, 11, 20),
(11, 4, 12, 19),
(12, 4, 12, 20),
(13, 5, 83, NULL),
(14, 5, 84, NULL),
(15, 6, 43, 59),
(16, 6, 43, 60),
(17, 6, 44, 59),
(18, 6, 44, 60);

-- --------------------------------------------------------

--
-- Estrutura para tabela `Meta_Scenario`
--

CREATE TABLE IF NOT EXISTS `Meta_Scenario` (
  `idMeta_Scenario` int(11) NOT NULL DEFAULT '0',
  `name` varchar(45) DEFAULT NULL,
  PRIMARY KEY (`idMeta_Scenario`)
) ENGINE=InnoDB DEFAULT CHARSET=utf8;

--
-- Fazendo dump de dados para tabela `Meta_Scenario`
--

INSERT INTO `Meta_Scenario` (`idMeta_Scenario`, `name`) VALUES
(1, 'Classe Pouco Coesa'),
(2, 'Interface dos Métodos'),
(3, 'Classes com muitos filhos'),
(4, 'Classe com métodos grandes e/ou muitos condic'),
(5, 'Classe com muita Exposição '),
(6, 'Complexidade Estrutural');

--
-- Restrições para dumps de tabelas
--

--
-- Restrições para tabelas `F_Project_Metric`
--
ALTER TABLE `F_Project_Metric`
  ADD CONSTRAINT `fk_F_Project_Metric_D_Configuration1` FOREIGN KEY (`D_Configuration_idConfiguration`) REFERENCES `D_Configuration` (`idConfiguration`) ON DELETE NO ACTION ON UPDATE NO ACTION,
  ADD CONSTRAINT `fk_F_Project_Metric_D_Metric1` FOREIGN KEY (`D_Metric_idMetric`) REFERENCES `D_Metric` (`idMetric`) ON DELETE NO ACTION ON UPDATE NO ACTION,
  ADD CONSTRAINT `fk_F_Project_Metric_D_Project1` FOREIGN KEY (`D_Project_idProject`) REFERENCES `D_Project` (`idProject`) ON DELETE NO ACTION ON UPDATE NO ACTION,
  ADD CONSTRAINT `fk_F_Project_Metric_D_Quality1` FOREIGN KEY (`D_Quality_idQuality`) REFERENCES `D_Quality` (`idQuality`) ON DELETE NO ACTION ON UPDATE NO ACTION,
  ADD CONSTRAINT `fk_F_Project_Metric_D_Release1` FOREIGN KEY (`D_Release_idRelease`) REFERENCES `D_Release` (`idRelease`) ON DELETE NO ACTION ON UPDATE NO ACTION,
  ADD CONSTRAINT `fk_F_Project_Metric_D_Time1` FOREIGN KEY (`D_Time_idTime`) REFERENCES `D_Time` (`idTime`) ON DELETE NO ACTION ON UPDATE NO ACTION;

--
-- Restrições para tabelas `F_Rate_Scenario`
--
ALTER TABLE `F_Rate_Scenario`
  ADD CONSTRAINT `fk_F_Rate_Scenario_D_Project1` FOREIGN KEY (`D_Project_idProject`) REFERENCES `D_Project` (`idProject`) ON DELETE NO ACTION ON UPDATE NO ACTION,
  ADD CONSTRAINT `fk_F_Rate_Scenario_D_Release1` FOREIGN KEY (`D_Release_idRelease`) REFERENCES `D_Release` (`idRelease`) ON DELETE NO ACTION ON UPDATE NO ACTION;

--
-- Restrições para tabelas `F_Scenario_Class`
--
ALTER TABLE `F_Scenario_Class`
  ADD CONSTRAINT `fk_F_Scenario_Class_D_Scenario_Clean_Code1` FOREIGN KEY (`D_Scenario_Clean_Code_idScenario`) REFERENCES `D_Scenario_Clean_Code` (`idScenario`) ON DELETE NO ACTION ON UPDATE NO ACTION,
  ADD CONSTRAINT `fk_F_Scenario_Class_D_Project1` FOREIGN KEY (`D_Project_idProject`) REFERENCES `D_Project` (`idProject`) ON DELETE NO ACTION ON UPDATE NO ACTION,
  ADD CONSTRAINT `fk_F_Scenario_Class_D_Release1` FOREIGN KEY (`D_Release_idRelease`) REFERENCES `D_Release` (`idRelease`) ON DELETE NO ACTION ON UPDATE NO ACTION,
  ADD CONSTRAINT `fk_F_Scenario_Class_D_Class1` FOREIGN KEY (`D_Class_idClass`) REFERENCES `D_Class` (`idClass`) ON DELETE NO ACTION ON UPDATE NO ACTION;

--
-- Restrições para tabelas `Meta_Metric_Ranges_Meta_Scenario`
--
ALTER TABLE `Meta_Metric_Ranges_Meta_Scenario`
  ADD CONSTRAINT `fk_Meta_Metric_Ranges_has_Meta_Scenario_Meta_Metric_Ranges1` FOREIGN KEY (`Meta_Metric_Ranges_idMetricRange1`) REFERENCES `Meta_Metric_Ranges` (`idMetricRange`) ON DELETE NO ACTION ON UPDATE NO ACTION,
  ADD CONSTRAINT `fk_Meta_Metric_Ranges_has_Meta_Scenario_Meta_Scenario1` FOREIGN KEY (`Meta_Scenario_idMeta_Scenario`) REFERENCES `Meta_Scenario` (`idMeta_Scenario`) ON DELETE NO ACTION ON UPDATE NO ACTION,
  ADD CONSTRAINT `fk_Meta_Metric_Ranges_has_Meta_Scenario_Meta_Metric_Ranges2` FOREIGN KEY (`Meta_Metric_Ranges_idMetricRange2`) REFERENCES `Meta_Metric_Ranges` (`idMetricRange`) ON DELETE NO ACTION ON UPDATE NO ACTION;

/*!40101 SET CHARACTER_SET_CLIENT=@OLD_CHARACTER_SET_CLIENT */;
/*!40101 SET CHARACTER_SET_RESULTS=@OLD_CHARACTER_SET_RESULTS */;
/*!40101 SET COLLATION_CONNECTION=@OLD_COLLATION_CONNECTION */;